names,sex
ابتسام,F
ابتهاج,F
ابتهال,F
اجتهاد,F
ازدهار,F
اعتدال,F
اعتماد,F
افتخار,F
افتكار,F
البتول,F
البندري,F
الجازي,F
الجوري,F
الجوهرة,F
الريم,F
العنود,F
الهنوف,F
امتثال,F
امتياز,F
انبهاج,F
انتصار,F
انتظار,F
انسجام,F
انشراح,F
انشراف,F
آلاء,F
آمال,F
آمنة,F
آيات,F
آية,F
أبرار,F
أثير,F
أثيل,F
أحلام,F
أرجوان,F
أروى,F
أريام,F
أريج,F
أزهار,F
أسارير,F
أسرار,F
أسماء,F
أسمى,F
أسيل,F
أشجان,F
أطياف,F
أغاريد,F
أفراح,F
أفكار,F
أفنان,F
ألطاف,F
ألفت,F
أم كلثوم,F
أمارة,F
أمال,F
أمامة,F
أماني,F
أمجاد,F
أمل,F
أمنية,F
أمواج,F
أميرة,F
أميمة,F
أمينة,F
أنسام,F
أنغام,F
أنهار,F
أنوار,F
أنيسة,F
أوصاف,F
إباء,F
إجلال,F
إحسان,F
إخلاص,F
إدراك,F
إسراء,F
إسعاد,F
إصلاح,F
إعزاز,F
إقبال,F
إقدام,F
إكليل,F
إنصاف,F
إنعام,F
إيثار,F
إيمان,F
إيناس,F
بائقة,F
بادرة,F
بارزة,F
بارعة,F
باركة,F
بارية,F
بازعة,F
باسطة,F
باسقة,F
باسلة,F
بانة,F
بتول,F
بثينة,F
بدرية,F
بديعة,F
براء,F
بسمة,F
بسيمة,F
بشاير,F
بشرى,F
بشيرة,F
بلقيس,F
بليغة,F
بهيجة,F
بهيسة,F
بيان,F
تارا,F
تالا,F
تانيا,F
تغاني,F
تمارة,F
تماضر,F
تماني,F
تهاني,F
تودد,F
توليب,F
تولين,F
تيسير,F
تيماء,F
ثراء,F
ثناء,F
ثوبة,F
ثويبة,F
جبرة,F
جبلة,F
جمانة,F
جميلة,F
جنا,F
جنى,F
جوان,F
جواهر,F
جود,F
جوري,F
جوهرة,F
جوى,F
جويرية,F
جيداء,F
جيهان,F
حسناء,F
حسنية,F
حصة,F
حفصة,F
حكمت,F
حليمة,F
حنان,F
حنيفة,F
حور,F
حوراء,F
حورية,F
حياة,F
خاتمة,F
خالدة,F
خديجة,F
خزامى,F
خزنة,F
خزينة,F
خلود,F
خولة,F
دارين,F
داليا,F
دانا,F
دانة,F
دانيا,F
دانية,F
دعجاء,F
دلال,F
دنيا,F
ديم,F
ديما,F
ديمة,F
دينا,F
ذبيانة,F
ذكية,F
رابعة,F
راتبة,F
راجحة,F
راحيل,F
راسخة,F
راغبة,F
رافقة,F
رافية,F
راقية,F
راما,F
رامة,F
رانيا,F
ربى,F
رجاء,F
رجيحة,F
رحاب,F
رحمة,F
رحيق,F
رخاء,F
ردينة,F
رزان,F
رزينة,F
رسمية,F
رسيل,F
رسيمة,F
رشا,F
رشيقة,F
رصينة,F
رضا,F
رضوة,F
رضوى,F
رغد,F
رفعة,F
رفيدة,F
رفيعة,F
رفيف,F
رقية,F
رمزية,F
رنا,F
رند,F
رنيم,F
رهام,F
رهف,F
رهيفة,F
رواء,F
روابي,F
روان,F
روز,F
روضة,F
رولا,F
رؤى,F
ريا,F
ريتا,F
ريتاج,F
ريتال,F
ريحانة,F
ريفان,F
ريم,F
ريما,F
ريماس,F
ريمة,F
ريناد,F
ريهام,F
ريوف,F
زاهية,F
زبيدة,F
زكية,F
زهراء,F
زهرة,F
زهور,F
زهية,F
زينب,F
زينة,F
سؤدد,F
سارا,F
سارة,F
سالي,F
سامية,F
ساندرا,F
ساهدة,F
ساهرة,F
سبيعة,F
سجى,F
سحر,F
سدر,F
سدن,F
سديم,F
سدين,F
سعاد,F
سعدة,F
سعيدة,F
سفيانة,F
سكينة,F
سلامة,F
سلطانة,F
سلمى,F
سلوى,F
سمة,F
سمر,F
سمراء,F
سمية,F
سميحة,F
سميرة,F
سناء,F
سندس,F
سها,F
سهاد,F
سهام,F
سهيلة,F
سونيا,F
سيرين,F
سيلين,F
شادن,F
شاكرة,F
شاهدة,F
شاهرة,F
شجن,F
شجون,F
شذى,F
شروق,F
شريفة,F
شكرية,F
شموخ,F
شهد,F
شهلاء,F
شوق,F
شيلاء,F
شيماء,F
شيهانة,F
صائنة,F
صابرة,F
صبا,F
صفا,F
صفاء,F
صفية,F
صمود,F
ضياء,F
طامحة,F
طريفة,F
طيب,F
طيف,F
ظافرة,F
ظبية,F
عايدة,F
عائدة,F
عائذة,F
عائشة,F
عابدة,F
عاتكة,F
عاطفة,F
عالية,F
عبادة,F
عبلة,F
عبير,F
عذاري,F
عذبة,F
عزة,F
عزيزة,F
عفاف,F
علياء,F
عنود,F
عهد,F
عهود,F
عيدة,F
غادة,F
غرام,F
غريبة,F
غزل,F
غزيل,F
غصون,F
غلا,F
غناء,F
غيثة,F
غيد,F
غيداء,F
فائقة,F
فاتن,F
فادية,F
فاطمة,F
فتحية,F
فتون,F
فتيحة,F
فجر,F
فخرية,F
فدوى,F
فرح,F
فردوس,F
فريدة,F
فصيحة,F
فكرية,F
فلوة,F
فنن,F
فهدة,F
فهيمة,F
فوزية,F
فيروز,F
قمر,F
قنوت,F
كاتيا,F
كادي,F
كاظمة,F
كاملة,F
كبرى,F
كريمة,F
كفى,F
كندة,F
كنزى,F
كوثر,F
كيان,F
لوزت,F
لولوة,F
لؤلؤة,F
لارا,F
لانا,F
لبانة,F
لبنى,F
لجين,F
لجينة,F
لذة,F
لطفية,F
لطيفة,F
لمى,F
لمياء,F
لميس,F
لهيفة,F
ليال,F
ليالي,F
ليان,F
ليلى,F
لين,F
لينا,F
ماريا,F
مارية,F
ماهة,F
ماهرة,F
مبروكة,F
متام,F
مثابة,F
مجاهدة,F
مجيبة,F
مجيدة,F
مخلصة,F
مدركة,F
مديدة,F
مرام,F
مرح,F
مرهفة,F
مروة,F
مروى,F
مريم,F
مزنة,F
مزينة,F
مساعدة,F
مسفرة,F
مسك,F
مشاعل,F
مصلحة,F
مضاوي,F
مطاعة,F
مطيعة,F
معصومة,F
معطية,F
معينة,F
مغيثة,F
مقبلة,F
ملهمة,F
ممدوحة,F
منار,F
مناصف,F
منال,F
مناير,F
منتهى,F
منذرة,F
منصفة,F
منى,F
منيبة,F
منيرة,F
مها,F
مهرة,F
مهيبة,F
موزة,F
موهبة,F
مي,F
ميا,F
ميادة,F
ميار,F
ميثاء,F
ميرا,F
ميس,F
ميساء,F
ميسون,F
ميمونة,F
ناجحة,F
ناجدة,F
نادية,F
نادين,F
ناشئة,F
ناصحة,F
ناهد,F
ناهية,F
نبيلة,F
نبيهة,F
نجد,F
نجلاء,F
نجوانة,F
نجود,F
نجيبة,F
نجيحة,F
نداء,F
ندى,F
نرجس,F
نزيهة,F
نسرين,F
نسيم,F
نشوة,F
نشوى,F
نصر,F
نضال,F
نظيرة,F
نعمة,F
نعيم,F
نهاد,F
نهال,F
نهلة,F
نهى,F
نوار,F
نوال,F
نور,F
نورا,F
نورة,F
نورس,F
نورهان,F
نوف,F
هائلة,F
هاجر,F
هالة,F
هانئة,F
هبة,F
هدى,F
هدير,F
هديل,F
هناء,F
هنادي,F
هند,F
هنوف,F
هوازن,F
هيام,F
هيفاء,F
وتين,F
وجدان,F
ود,F
وديعة,F
ورد,F
وردة,F
وسام,F
وسن,F
وسيمة,F
وضحى,F
وعد,F
وفاء,F
وفيقة,F
ولاء,F
ولهانة,F
وليفة,F
وميض,F
وهبة,F
يارا,F
ياسمين,F
يسرا,F
يسرى,F
يمن,F
يمنى,F
ابراهيم,M
اسلم,M
البراء,M
الحبيب,M
الخضر,M
العابدين,M
المثنى,M
آدم,M
أبان,M
أبلج,M
أبو بكر,M
أجاويد,M
أجيد,M
أحمد,M
أحنف,M
أخزم,M
أخضر,M
أخطب,M
أدعج,M
أدغم,M
أدهم,M
أديب,M
أرغد,M
أرقم,M
أريب,M
أزهر,M
أزور,M
أسامة,M
أسد,M
أسعد,M
أسلم,M
أسمر,M
أشجع,M
أشرف,M
أشرم,M
أشقر,M
أشهب,M
أشهم,M
أشيم,M
أصيل,M
أعسر,M
أغلب,M
أغيد,M
أكبر,M
أكثم,M
أكرم,M
أكمل,M
أمان,M
أمجد,M
أمية,M
أمير,M
أمين,M
أنس,M
أنعم,M
أنمار,M
أنور,M
أهيم,M
أوس,M
أويس,M
أيسر,M
أيمن,M
أيهم,M
أيوب,M
إبراهيم,M
إحسان,M
إدريس,M
إسحاق,M
إسلام,M
إسماعيل,M
إمام,M
إياد,M
إياس,M
إيهاب,M
باتل,M
بادي,M
بارح,M
بارع,M
باسط,M
باسق,M
باسل,M
باسم,M
باشق,M
باهر,M
بدر,M
بديع,M
براء,M
برد,M
برهان,M
بسام,M
بسيم,M
بشار,M
بشارة,M
بشر,M
بشير,M
بطاح,M
بطرس,M
بكار,M
بكر,M
بكري,M
بلال,M
بليغ,M
بندر,M
بهاء,M
بهجت,M
بهلول,M
بهيج,M
تائب,M
تامر,M
تركي,M
تغلب,M
تقي,M
تليد,M
تمام,M
تميم,M
تواب,M
توفيق,M
تيسير,M
تيم,M
ثائب,M
ثائر,M
ثابت,M
ثروت,M
ثنيان,M
ثواب,M
جابر,M
جازم,M
جاسم,M
جامع,M
جبر,M
جبران,M
جبل,M
جدعان,M
جراح,M
جرير,M
جساس,M
جعفر,M
جلال,M
جليل,M
جمال,M
جمعان,M
جمعة,M
جميل,M
جنادة,M
جندل,M
جهاد,M
جواد,M
جودة,M
جودت,M
حاتم,M
حارب,M
حارث,M
حازم,M
حاشد,M
حافظ,M
حامد,M
حجاب,M
حجاج,M
حجر,M
حزام,M
حزم,M
حسام,M
حسان,M
حسن,M
حسني,M
حسنين,M
حسون,M
حسين,M
حصيف,M
حفص,M
حكيم,M
حماد,M
حمد,M
حمدان,M
حمدون,M
حمزة,M
حميد,M
حنبل,M
حنشل,M
حنظلة,M
حواس,M
حيدر,M
خاتم,M
خازن,M
خالد,M
خالص,M
خباب,M
خزعل,M
خضر,M
خطاب,M
خلدون,M
خلف,M
خليفة,M
خليل,M
خليوي,M
خميس,M
خويلد,M
داني,M
داود,M
داوود,M
دحام,M
درغام,M
دريد,M
دعيج,M
دغيم,M
دهيم,M
ذاكر,M
ذباح,M
ذبيان,M
ذعار,M
ذياب,M
رأفت,M
رؤوف,M
رئيف,M
رائد,M
رائض,M
رائف,M
رابح,M
راتب,M
راجح,M
راجي,M
راسخ,M
راسم,M
راشد,M
راضي,M
راغب,M
راغد,M
رافد,M
رافع,M
رافق,M
رافي,M
راكان,M
رامز,M
رامي,M
رباح,M
ربحي,M
ربيح,M
ربيع,M
رجاء,M
رجب,M
رحال,M
رديف,M
رزق,M
رزين,M
رسمي,M
رسول,M
رسيم,M
رشاد,M
رشوان,M
رشيد,M
رشيق,M
رصين,M
رضا,M
رضوان,M
رضي,M
رعد,M
رغال,M
رغيب,M
رغيد,M
رفاعة,M
رفاعي,M
رفعت,M
رفيع,M
رفيق,M
ركان,M
ركين,M
رماح,M
رمزي,M
رمضان,M
رهيف,M
رويشد,M
رياض,M
ريان,M
زاخر,M
زاكي,M
زاهد,M
زاهر,M
زاهي,M
زايد,M
زبير,M
زغلول,M
زكريا,M
زهير,M
زياد,M
زيد,M
زيدان,M
زيدون,M
زين,M
ساجد,M
ساجر,M
ساجع,M
ساجي,M
سادن,M
سارح,M
ساري,M
ساطع,M
ساعد,M
ساعف,M
سالم,M
سامح,M
سامر,M
سامي,M
ساهد,M
ساهر,M
سبع,M
ستار,M
سحيم,M
سداد,M
سراج,M
سرمد,M
سرور,M
سطام,M
سعد,M
سعدون,M
سعود,M
سعيد,M
سفيان,M
سلام,M
سلامة,M
سلطان,M
سلمان,M
سلمة,M
سليم,M
سمعان,M
سمعون,M
سميح,M
سمير,M
سميع,M
سنان,M
سهل,M
سهيل,M
سويد,M
سيار,M
سيد,M
سيف,M
شادي,M
شافع,M
شافي,M
شاكر,M
شامخ,M
شاهد,M
شاهر,M
شبل,M
شبيب,M
شجاع,M
شداد,M
شديد,M
شريح,M
شعبان,M
شعيب,M
شفيع,M
شفيق,M
شكري,M
شكور,M
شماخ,M
شمر,M
شمس الدين,M
شهاب,M
شهم,M
شهيد,M
شوقي,M
شوكت,M
شيبان,M
شيبة,M
صائن,M
صابر,M
صادح,M
صادر,M
صارم,M
صاعد,M
صافي,M
صباح,M
صبيح,M
صدام,M
صديق,M
صفوان,M
صفوت,M
صقر,M
صلاح,M
صلاح الدين,M
صمد,M
صمصام,M
صميم,M
صهيب,M
ضاري,M
ضاهر,M
ضاوي,M
ضرار,M
ضرام,M
ضياء,M
ضيغم,M
ضيف,M
طارق,M
طامح,M
طاهر,M
طريف,M
طلال,M
طموح,M
ظافر,M
ظاهر,M
ظفار,M
ظفير,M
عايض,M
عائد,M
عائذ,M
عائض,M
عابد,M
عادل,M
عارف,M
عازم,M
عاطف,M
عاكف,M
عامر,M
عباد,M
عبادة,M
عباس,M
عبدالباسط,M
عبدالباقي,M
عبدالبصير,M
عبدالجبار,M
عبدالجليل,M
عبدالجميل,M
عبدالحفيظ,M
عبدالحق,M
عبدالحكيم,M
عبدالحليم,M
عبدالحميد,M
عبدالحي,M
عبدالخالق,M
عبدالرؤوف,M
عبدالرب,M
عبدالرحمن,M
عبدالرحيم,M
عبدالرزاق,M
عبدالرشيد,M
عبدالرقيب,M
عبدالسلام,M
عبدالشكور,M
عبدالصمد,M
عبدالظاهر,M
عبدالعزيز,M
عبدالعظيم,M
عبدالعليم,M
عبدالغفور,M
عبدالغني,M
عبدالفتاح,M
عبدالقادر,M
عبدالقدوس,M
عبدالقيوم,M
عبدالكريم,M
عبداللطيف,M
عبدالله,M
عبدالمجيد,M
عبدالمطلب,M
عبدالملك,M
عبدالمنان,M
عبدالمنعم,M
عبدالنور,M
عبدالهادي,M
عبدالواحد,M
عبدالودود,M
عبدالوهاب,M
عبدربه,M
عبده,M
عبدو,M
عبدي,M
عبودة,M
عبيد,M
عبيدة,M
عتاب,M
عتابة,M
عثمان,M
عجاج,M
عجرم,M
عدلي,M
عدنان,M
عدوان,M
عدي,M
عديل,M
عراب,M
عراد,M
عرفات,M
عرفة,M
عروة,M
عريب,M
عز,M
عزب,M
عزت,M
عزيز,M
عشير,M
عصام,M
عصمت,M
عطا,M
عطاء,M
عفان,M
عفيف,M
عقاب,M
عقال,M
عقبة,M
عقل,M
عقلة,M
عقيل,M
عكاشة,M
عكرمة,M
عكلة,M
علاء,M
علاء الدين,M
علوان,M
علي,M
عليان,M
عليم,M
عماد,M
عمار,M
عمارة,M
عمر,M
عمران,M
عمرو,M
عميد,M
عمير,M
عنبر,M
عنتر,M
عنترة,M
عواد,M
عوض,M
عوف,M
عون,M
عوني,M
عويس,M
عياش,M
عيد,M
عيسى,M
عيضة,M
غازي,M
غافر,M
غالب,M
غالي,M
غانم,M
غريب,M
غزوان,M
غسان,M
غضنفر,M
غفار,M
غلاب,M
غلام,M
غنيم,M
غوار,M
غوث,M
غياث,M
غيث,M
فؤاد,M
فائز,M
فائق,M
فاتح,M
فاخر,M
فادي,M
فارس,M
فارض,M
فارع,M
فاروق,M
فاضل,M
فالح,M
فتاح,M
فتح,M
فتحي,M
فتوح,M
فتيح,M
فخر,M
فخري,M
فراج,M
فراس,M
فرج,M
فرحات,M
فرحان,M
فرناس,M
فريج,M
فريد,M
فضل,M
فضيل,M
فطين,M
فكري,M
فلوح,M
فليح,M
فهد,M
فهمي,M
فهيد,M
فهيم,M
فواز,M
فوزي,M
فياض,M
فيصل,M
فيض,M
فيضي,M
قائد,M
قابس,M
قابوس,M
قادر,M
قاسم,M
قاهر,M
قتادة,M
قتيبة,M
قثم,M
قداح,M
قدامة,M
قدري,M
قسام,M
قسيم,M
قصي,M
قطامي,M
قطب,M
قعقاع,M
قيس,M
كاسب,M
كاسر,M
كاظم,M
كامل,M
كرم,M
كريم,M
كعب,M
كلاب,M
كليب,M
كليم,M
كمال,M
كميت,M
كنان,M
كنعان,M
كهلان,M
لؤي,M
لباب,M
لبيب,M
لبيد,M
لطفي,M
لطيف,M
لقمان,M
لماح,M
لمعي,M
ليث,M
مأمون,M
مؤيد,M
ماجد,M
مارسيل,M
مازن,M
ماضي,M
مالك,M
ماهر,M
مبارك,M
مبخوت,M
مبرور,M
مبروك,M
متعب,M
مثاب,M
مجاهد,M
مجاور,M
مجتبى,M
مجدي,M
مجيب,M
مجيد,M
مجير,M
محبوب,M
محجن,M
محرز,M
محرم,M
محسن,M
محمد,M
محمود,M
محيا,M
مخلد,M
مخلص,M
مخلف,M
مدثر,M
مدحة,M
مدحت,M
مدرك,M
مدلج,M
مديد,M
مراد,M
مرتجى,M
مرتضى,M
مرحب,M
مرداس,M
مرزوق,M
مرسي,M
مرشد,M
مرشدي,M
مروان,M
مزاحم,M
مزن,M
مزهر,M
مساعد,M
مستور,M
مسعود,M
مسفر,M
مسلم,M
مسلمة,M
مسيب,M
مشاري,M
مشتاق,M
مشرف,M
مشعل,M
مصباح,M
مصطفى,M
مصعب,M
مصلح,M
مضر,M
مطاع,M
مطاوع,M
مطر,M
مطلب,M
مطلق,M
مطير,M
مطيع,M
مظفر,M
مظهر,M
معاد,M
معاذ,M
معاوية,M
معتصم,M
معتضد,M
معتوق,M
معد,M
معروف,M
معصوم,M
معطي,M
معلوف,M
معمر,M
معن,M
معين,M
معين الدين,M
مغوار,M
مغيث,M
مغيرة,M
مفتاح,M
مقبل,M
مقتدي,M
مقرن,M
مكتوم,M
مكين,M
ملحم,M
ملهم,M
ممدوح,M
مناحي,M
مناع,M
مناف,M
منان,M
منتصر,M
منتظر,M
منذر,M
منصف,M
منصور,M
منعم,M
منقذ,M
منهل,M
منيب,M
منير,M
منيع,M
مهاب,M
مهدي,M
مهند,M
مهيب,M
مهيوب,M
موفق,M
ميثم,M
ميلاد,M
ميمون,M
نائل,M
ناجي,M
نادر,M
ناشئ,M
ناشد,M
ناشر,M
ناصح,M
ناصر,M
ناصر الدين,M
ناصف,M
ناصيف,M
ناظم,M
نافع,M
نامي,M
ناهض,M
ناهل,M
ناهي,M
نايف,M
نبال,M
نبيل,M
نبيه,M
نجاد,M
نجدة,M
نجدت,M
نجم,M
نجم الدين,M
نجيب,M
نديم,M
نذير,M
نزار,M
نزيه,M
نسيب,M
نسيم,M
نشأت,M
نشمي,M
نصار,M
نصر,M
نصرة,M
نصرت,M
نصوح,M
نصير,M
نصيف,M
نضال,M
نضير,M
نظمي,M
نظير,M
نعمان,M
نعمت,M
نعيم,M
نمر,M
نهيان,M
نوار,M
نواس,M
نواف,M
نوح,M
نورس,M
نوري,M
نوفل,M
هائل,M
هاجد,M
هادي,M
هاشم,M
هاني,M
هانئ,M
هبيرة,M
هجرس,M
هريرة,M
هزاع,M
هشام,M
هلال,M
همام,M
هواري,M
هود,M
هيثم,M
وائل,M
وارف,M
وديع,M
ورد,M
وسام,M
وسيم,M
وفيق,M
ولاء الدين,M
وليد,M
وليف,M
وهاب,M
وهب,M
وهبة,M
ياسر,M
يحيى,M
يزيد,M
يعقوب,M
عبدالموجود,M
حسام,M
ألكيس,M
البركوكي,M
العطار,M
حراز,M
رولان,F
زيد,M
خفاجي,M
مفرح,M
المعين,M
استفانوس,M
خيري,M
مينا,M
نورا,M
ويسا,F
ياسمين,F
حمد,M
صلاح,M
مصباح,M
مرشدى,M
رؤي,F
مريم,F
نعينع,M
يمني,F
سند,M
الجعفرى,M
حميد,M
دمين,F
سيد,F
روان,F
فريدة,F
عبدالرشيد,M
أدهم,M
ميخائيل,M
المطاوى,M
فؤاد,M
محمود,M
كروليس,M
ياسر,M
نجيب,M
كرلس,M
ريم,F
جون,M
فرح,F
جوري,F
نادين,F
نشوى,F
مراد,F
علاء,M
بشرى,F
جودة,M
طاحون,M
تغريد,F
أمنية,F
عشرة,M
الحليم,M
جيلان,F
انطونيوس,M
دعاء,F
الفارسكوري,M
شهد,F
رضوى,F
العزيز,M
الفضالى,M
الدكروري,M
الجمال,M
نورهان,F
شوكت,M
شموتي,M
زكى,M
الجداوي,M
بيتر,M
الحوساني,M
منال,M
النكري,M
ميرا,F
الطراوي,M
باكينام,F
عبدالهادى,M
مرسي,M
الرحمن,M
فرحة,F
الخميسي,M
القط,M
عبدالمطلب,M
بيومي,M
إنجي,F
مشرف,M
محمدين,M
رفقة,F
حجازي,M
ندين,F
قبيصى,M
عبداللاه,M
الشريف,M
حسناء,F
موبا,F
إسماعيل,M
شلبي,M
حياء,F
الرفاعي,M
رغد,F
عبدالدايم,M
تالين,F
ادهم,M
عبدالمنعم,M
امير,M
امنيه,F
سيف,M
الرسول,M
فاروق,M
إيناس,F
الحياة,F
نوران,F
سيرجي,M
مروان,M
بسام,M
ماتا,M
تالين,F
الكليش,M
المطاوي,M
الشناوى,M
أمل,F
لطفي,M
عبدالستار,M
البير,M
عبدالرحيم,M
نوبي,M
التميمي,M
ابوزياده,M
مختار,M
منصور,M
عبدالحميد,M
زغبي,M
موسي,M
عنتر,M
ندي,F
عوبيا,M
جنة,F
يمنى,F
الفضل,M
اياد,M
اسلام,M
حافظ,M
وجنات,F
الحافظ,M
طه,M
الحسين,M
جميل,M
عبدالحافظ,M
الطبي,M
عبدالسميع,M
الخير,M
النصر,M
حمزه,M
صادق,M
البنداري,M
إيفون,F
كورات,M
ساره,F
الصمان,M
صوار,M
ساويرس,M
مهرائيل,F
العباسي,M
الباهي,M
الكيس,M
نوارا,F
ياقوت,M
رمسيس,M
خليل,M
قابيل,M
همام,M
ميلاد,M
حلوجي,M
الصابر,M
حامد,M
شامه,M
مالك,M
مصطفي,M
رافت,M
متولى,M
أريك,F
بسمة,F
مرقس,M
اية,F
الإمام,M
الفاروق,M
فرّاخه,M
مازن,M
ميار,F
يونس,M
خديجة,F
آسيل,F
الشاذلي,M
الشافعى,M
شعبان,M
صبرى,M
راشد,M
بدوي,M
عفيفي,M
توفيق,M
سليم,M
الفرماوى,M
السعودي,M
حفناوي,M
ابو,M
النبوي,M
عبدالحي,M
عبد,M
فائز,M
هيثم,M
نور,F
النهراوي,M
نسيم,M
حسن,M
غرس,F
زغلول,M
كامل,M
آية,F
رضا,M
عريضة,M
اليزيد,M
ناصف,M
هلال,M
رينا,F
هانئ,M
سارة,F
سيد,M
صابر,M
رحاب,F
الحسينى,M
ويفر,M
ريه,F
كيرلس,M
أشرف,M
زكريا,M
صفوت,M
فاتن,F
خاطر,M
العظيم,M
عطيفى,M
امام,M
برتي,F
هدية,F
شلباية,M
مارينا,F
حبيبه,F
حميدة,M
جعفر,M
همس,F
العدل,M
ماجد,M
انتصار,F
النادي,M
شاكر,M
ندى,F
ايمان,F
النبى,M
شلبى,M
منصور,M
ثابت,M
خورشيد,M
زايد,M
هاجور,F
أحمد,M
الرياني,M
جدالله,M
أبوحطب,M
نانسي,F
الطنطاوي,M
السعيدي,M
هيلايل,F
قاعود,M
منيب,M
بشرا,F
حسونه,M
حلواني,M
النبي,M
فيصل,M
الخالق,M
قطب,M
حطاب,M
خلود,F
مونيكا,F
هبة,F
مايكل,M
جاستن,F
قنديل,M
ميران,F
خلف,M
منزاع,M
غفران,F
أنطونيوس,M
فدوى,F
خميس,M
محارم,M
نجدى,F
نسما,F
نعمة,F
هند,F
مريهان,F
الاء,F
زهران,M
أشرقت,F
وهبي,M
أسامة,M
عكاشة,M
أسماء,F
رأفت,M
مروة,F
دوابا,F
حسنين,M
رائد,M
وائل,M
الهريجى,M
احمد,M
سامح,M
مسعد,M
تريزا,F
سليمان,M
مي,F
فريحه,F
عباسي,F
لبيب,M
عباس,M
محيي,M
چويرية,F
ضيف,M
العدوي,M
وسام,F
عبدالمغني,M
عطيفي,M
نهي,F
اداريه,F
أنور,M
صفاء,F
رانيا,F
سلامة,M
الحضري,M
روماني,M
رجب,M
رمضان,M
العجمي,M
عرفة,M
علياء,F
وجيه,M
علي,M
عزيز,M
جامع,M
الحداد,M
عبدالرؤوف,M
هانى,M
خيرالله,M
سجدة,F
حسني,M
البهي,M
أكرم,M
شيرين,F
ابانوب,M
ميلاد,M
حنين,M
ناشد,M
احمد,M
حمدى,M
رجب,M
عبدالعظيم,M
سعد,M
حسن,M
رضا,M
عبدالمجيد,M
عبدالناصر,M
عبدالعزيز,M
سيد,M
عبدالرحيم,M
عبدالرحمن,M
محمود,M
عبدالمنعم,M
رمضان,M
حسين,M
علاء,M
صابر,M
محمد,M
ربيع,M
فتح,M
الباب,M
عبدالعاطى,M
علي,M
قاسم,M
على,M
يوسف,M
ادريس,M
خالد,M
ادهم,M
سعيد,M
انور,M
اسلام,M
عواجه,M
القسام,M
امين,M
ايهاب,M
حماده,M
خلف,M
باسم,M
خطاب,M
ابراهيم,M
جونى,M
اميل,M
حنا,M
روفائيل,M
حازم,M
ايمن,M
فاروق,M
عبدالحميد,M
عمرو,M
ابوغنيمه,M
طوسن,M
حسنى,M
الجمال,M
شعبان,M
عبدالنعيم,M
قوشي,M
عبدمريم,M
ابسخرون,M
هشام,M
هاشم,M
رامى,M
مينا,M
سمير,M
شحاته,M
زياد,M
ناصر,M
كمال,M
عبدالغني,M
سراج,M
عبدالغنى,M
الدين,M
حاتم,M
حبشى,M
صموئيل,M
عازر,M
طارق,M
مصطفى,M
موافي,M
عادل,M
زكى,M
عبدالحكيم,M
وائل,M
كيلاني,M
اسماعيل,M
عبدالفتاح,M
عبدالمعبود,M
جمعه,M
سيوفى,M
صلاح,M
عثمان,M
حبشي,M
منصور,M
الجبالي,M
نعمان,M
خيرى,M
هيثم,M
عطا,M
جمال,M
عبدالله,M
عبوده,M
عماد,M
عبدالهادى,M
القوصى,M
ثابت,M
حماد,M
حمدان,M
عبداللطيف,M
الجمام,M
شلقامي,M
عبدالحليم,M
عمر,M
الحسينى,M
الجارحى,M
مهني,M
عيسى,M
الدكرورى,M
عبدالنبى,M
فارس,M
عبدالسلام,M
فايز,M
محرم,M
كريم,M
المصطفى,M
السيد,M
يسين,M
زهنى,M
اشرف,M
وجيه,M
عفيفى,M
غريب,M
نزلاوى,M
تقى,M
راضى,M
عباس,M
عبدالهادي,M
طه,M
مسعود,M
عاشور,M
قطب,M
سليمان,M
عزت,M
عبدالحافظ,M
رياض,M
فرج,M
كامل,M
ممدوح,M
علام,M
قرنى,M
شقرانى,M
عبدالحفيظ,M
عبدالقادر,M
فتحى,M
عب,M
الجواد,M
مهاب,M
بكر,M
عبدالكريم,M
يعقوب,M
نورالدين,M
هادى,M
وليد,M
زكريا,M
عبدالدايم,M
فؤاد,M
ايرينى,F
بشرى,M
جرجس,M
ايه,F
شريف,M
بسمله,F
توفيق,M
جمانه,F
فوزى,M
جيسيكا,F
جوزيف,M
سمعان,M
ذكرى,M
رنا,F
عيد,M
ساندى,F
برسوم,M
عبدالملاك,M
سهيله,F
ماهر,M
علا,F
فضل,M
مريم,F
عقل,M
مجدى,M
سيف,M
حبيب,M
ناردين,F
منير,M
هايدى,F
اثناسيوس,M
هبه,F
خفاجى,M
يوستينا,F
نبيل,M
ذكى,M
موريس,M
ايليا,M
مرجان,M
هلال,M
سامح,M
محروس,M
صالح,M
فادى,M
ميخائيل,M
كيرلس,M
اسعد,M
عوض,M
وهبه,M
ابتهال,F
محسن,M
مهنى,M
احسان,F
مجاهد,M
اروى,F
عبدالعليم,M
استر,F
لطفى,M
موسى,M
اسراء,F
عبدربه,M
اسماء,F
رفاعي,M
عبدالمحسن,M
الاء,F
مصطفي,M
جلال,M
الشيماء,F
مرعى,M
امال,F
امل,F
حسام,M
عصام,M
امنيه,F
ابوبكر,M
اميره,F
انجى,F
جيد,M
رزق,M
الله,M
فانوس,M
حكيم,M
دياب,M
صفوت,M
جوده,M
عاطف,M
شفيق,M
ايات,F
عكاشه,M
ايمان,F
حافظ,M
صبرى,M
شاكر,M
نجيب,M
خليل,M
هانى,M
حسانين,M
يس,M
بسمه,F
صادق,M
سالم,M
محبوب,M
تبارك,F
جيهان,F
عبدالجواد,M
حسناء,F
مخلوف,M
خلود,F
دارين,F
داليا,F
دعاء,F
حجازى,M
مليجى,M
دميانا,F
ابوكلام,M
دميانه,F
سام,M
دنيا,F
عبدالوهاب,M
يسرى,M
دينا,F
طلعت,M
رانيا,F
عبدالصبور,M
رحاب,F
هنى,M
جارحى,M
رحمه,F
فراج,M
زغلول,M
فرحات,M
رزان,F
رشيده,F
رضا,F
قوشني,M
رضوى,F
حسان,M
عبدالمقصود,M
يونس,M
ياسين,M
رقيه,F
راوى,M
سعداوى,M
روان,F
ضرار,M
عزات,M
ريم,F
ريهام,F
زينب,F
ساره,F
رشدى,M
لبيب,M
اسكندر,M
سلمى,F
سما,F
ضاحى,M
سمر,F
ابو,M
غنيمه,M
سميه,F
سناء,F
عز,M
سويده,F
ياسر,M
عبدالصالحين,M
شريفه,F
حداد,M
شرين,F
ملاك,M
بباوى,M
توما,M
شهد,F
مسعد,M
ابوالنور,M
شيرى,F
فام,M
يونان,M
شيرين,F
عبدالرسول,M
عائشه,F
ابوالصفا,M
عزه,F
مبروك,M
غاده,F
فاطمه,F
بهاء,M
شلقامى,M
فرحه,F
فيرونيا,F
فيرينا,F
غبريال,M
كارن,F
عبدالملك,M
كارول,F
نادى,M
عدلى,M
تادرس,M
كلودى,F
تامر,M
اقلاديوس,M
مارينا,F
شهات,M
ولسن,M
ماهى,F
مرمر,F
سلامه,M
فهيم,M
عطيه,M
مرنا,F
برنابا,M
عبدالشهيد,M
عايد,M
مروه,F
خميس,M
القس,M
عبدالمتجل,M
قيصر,M
المرغنى,M
خليفه,M
نابولى,M
اسحق,M
مبارك,M
محب,M
عبيد,M
نصيف,M
مكرم,M
ويصا,M
ناير,M
ملك,F
الحسن,M
زكي,M
عبدالمطلب,M
منار,F
منال,F
عبدالحسيب,M
منه,F
منى,F
عامر,M
مها,F
مهرائيل,F
شنوده,M
ناجى,M
ميار,F
ميرنا,F
سامى,M
ميمى,F
نادين,F
ناديه,F
صالحين,M
اسحاق,M
نانسى,F
نمر,M
ندى,F
نضال,F
نعمه,F
شوقى,M
بولس,M
نوره,F
نورهان,F
محروص,M
نيفين,F
جورجى,M
هاجر,F
هانم,F
عبدالصمد,M
هدى,F
هدير,F
ابوالليل,M
هناء,F
وفاء,F
ولاء,F
منتصر,M
يارا,F
المرزوقى,M
ياسمين,F
عبدالباقى,M
ابرار,F
حنفى,M
ممتاز,M
مرسى,M
امانى,F
عويس,M
جهاد,F
نافع,M
دكرورى,M
رباب,F
ابوالفتوح,M
مناع,M
رضوه,F
روفيده,F
سماح,F
جابر,M
ابوزيد,M
عبدالظاهر,M
شيماء,F
صباح,F
ضحى,F
عبير,F
كلثوم,F
صاوى,M
كوثر,F
مرفت,F
علم,M
بسيونى,M
فخرى,M
مى,F
نسمه,F
نسيبه,F
هاله,F
عبدالجليل,M
نظير,M
هند,F
زين,M
البدرى,M
فرغلى,M
عاطى,M
الطيب,M
العابدين,M
نبيه,M
طلب,M
جويد,M
عبدالحكم,M
صرمانى,M
ابوالقاسم,M
دردير,M
اسامه,M
فهمى,M
قنديل,M
بكرى,M
مؤمن,M
الامين,M
حواس,M
عبدالعال,M
رفاعى,M
سلطان,M
يحى,M
قناوى,M
يحيى,M
ابرهيم,M
حلمى,M
عيسي,M
عبدالمالك,M
ظريف,M
اميمه,F
زيدان,M
صقر,M
ادم,M
شعراوى,M
روضه,F
شارلى,F
باسليوس,M
ماجد,M
حشمت,M
صفاء,F
الزهراء,M
مارتينا,F
عرفات,M
دميان,M
بخيت,M
فولى,M
زينهم,M
ناهد,F
نوال,F
الراعى,M
جبر,M
ابرام,M
مشير,M
عبدالمغنى,M
عبدالستار,M
فرجاني,M
قرني,M
ابوعمره,M
فهمي,M
الامير,M
الحسين,M
امير,M
مليكه,M
جورج,M
عزيز,M
صبحى,M
فواز,M
فاضل,M
حمزه,M
الدسوقى,M
رمزى,M
جميل,M
شادى,M
عرفه,M
امام,M
مرقص,M
جورجي,M
مازن,M
مايكل,M
اسكاروس,M
الخطيب,M
بيومى,M
معروف,M
صديق,M
مروان,M
اكرام,M
عماره,M
ذكرالله,M
معتز,M
مكسيموس,M
عياد,M
مهند,M
بشري,M
حامد,M
الهام,F
نور,F
فكرى,M
غيضان,M
كيلانى,M
فالح,M
مرسي,M
بيومي,M
شاذلى,M
عبدالوارث,M
امبارك,M
نعيم,M
معتصم,M
عبدالجابر,M
امنه,F
اوليفيا,F
ايلاريا,F
صليب,M
ساندرا,F
سلفانا,F
عبد,M
سيلفيا,F
فيبى,F
لورا,F
غطاس,M
ليديا,F
مادونا,F
تيموثاوس,M
بطرس,M
تاوضروس,M
ثروت,M
عبدالمسيح,M
رومان,M
البرتو,M
وديع,M
فليكس,M
انطونيوس,M
جريس,M
زكرى,M
لندس,M
بافلى,M
انسطاسى,M
صباح,M
عبدالنور,M
بولا,M
حربى,M
عبده,M
بيشوى,M
وصفى,M
نشأت,M
حرز,M
بيمن,M
توماس,M
ناروز,M
غالى,M
رفيق,M
رافت,M
يسى,M
وليم,M
داود,M
بنيامين,M
مدحت,M
الهم,M
مارتن,M
مارفن,M
منسى,M
وسيم,M
يوساب,M
صدقى,M
انيس,M
سليم,M
اندرو,M
عنتر,M
رسمى,M
ايناس,F
قاعود,M
مصرى,M
سادين,F
امجد,M
فريده,F
ابوسمره,M
الكريم,M
ررأفت,M
هيا,F
عابدين,M
معيقل,M
المعتصم,M
بالله,M
عبداللاه,M
عبدالحى,M
صميده,M
عبدالقوى,M
ضياء,M
بهجت,M
ابوالعلا,M
عبدالجيد,M
عصمت,M
عياط,M
مخيمر,M
عبدالسميع,M
موافى,M
رضوان,M
عبدالرؤوف,M
منازع,M
انعام,F
جما,M
ل,M
بثينه,F
حسب,M
سلمان,M
تهانى,F
حبيبه,F
جداوى,M
حسنيه,F
الخشت,M
دلال,F
شعيب,M
رابعه,F
بدرى,M
عزالدين,M
رسم,F
رشا,F
رغد,F
رندا,F
عبدالرازق,M
زهراء,F
ساميه,F
سعاد,F
سلوى,F
سميره,F
سهام,F
شروق,F
عبدالرشيد,M
شهيناز,F
عبدالر,M
حيم,M
ناجح,M
ناصح,M
غانم,M
صابرين,F
عبدالشافى,M
عرابى,M
علياء,F
غدير,F
عشماوى,M
فداء,F
قمر,F
كريمه,F
لوسى,F
وهيب,M
مريان,F
بشوى,M
قلينى,M
تهامى,M
شكرى,M
عبدالعدل,M
مهجه,F
ميرا,F
نجلاء,F
نجوى,F
ندا,F
نرمين,F
نشوى,F
نهى,F
نورا,F
ابوسريع,M
سريع,M
شوقي,M
هويدا,F
ورد,F
ابوالحسن,M
اليزل,M
زايد,M
اسلمان,M
ابوجبل,M
رشاد,M
عويطي,M
عبدالمعز,M
سطوحى,M
معمدانى,M
سند,M
ديفد,M
رائد,M
عبدالسيد,M
صيام,M
برعى,M
عبدالبديع,M
شوربجى,M
نور,M
برديس,M
معوض,M
عمار,M
عبود,M
عونى,M
مرتضي,M
رفعت,M
مطاوع,M
مكادى,M
جاد,M
جادالحق,M
احلام,F
ضيف,M
عبدالوكيل,M
معتوق,M
تنسيم,F
ذكي,M
حميده,F
حنان,F
محفوظ,M
رفقه,F
فولي,M
مهاد,M
شذى,F
وهيدى,M
نصار,M
سعودى,M
عبدالعاطي,M
عبله,F
العلا,M
رضى,M
عيده,F
متولى,M
فتحيه,F
متولي,M
ليلى,F
ماجده,F
مارجريت,F
مارلين,F
مارين,F
مرزق,M
مياده,F
طاهر,M
نسرين,F
نادر,M
راشد,M
عواد,M
نصر,M
انطونى,M
سوريال,M
اديب,M
سميح,M
مختار,M
مراد,M
حجاج,M
عبيده,M
سنوسي,M
مريس,M
النصر,M
ازهار,F
الوليد,M
حسنين,M
جميله,F
عطوه,M
هوارى,M
رنيا,F
شمردن,M
رويده,F
زهره,F
شاهنده,F
داخلى,M
زبد,M
ضى,F
عمير,M
فاديه,F
عبدالكافى,M
صاوي,M
فريج,M
فيصل,M
نهال,F
عمادالدين,M
البدوى,M
وسيمه,F
محجوب,M
عبدالواحد,M
محمدعيد,M
صافى,M
مندراوى,M
امينه,F
خديجه,F
ستار,M
رغده,F
روحيه,F
عبدالطيف,M
مفتاح,M
سوزان,F
عزيزه,F
عصمت,F
عليه,F
مسلم,M
يحي,M
مدين,M
الهدى,M
جادالكريم,M
راغب,M
اياد,M
الرفاعى,M
رفيع,M
رشيد,M
شافعى,M
حردان,M
عميره,M
دمرداشى,M
عقيله,M
تغريد,F
جيهاد,F
مندر,M
سالمه,F
وحيد,M
بدر,M
صفيه,F
فايزه,F
مارى,F
رومانى,M
بشاره,M
فريد,M
فنجرى,M
حيدر,M
ابوطالب,M
هديه,F
جاك,M
عاصم,M
جاهين,M
عبدالرزاق,M
مفدى,M
منزر,M
هنرى,M
مقار,M
استير,F
لويز,M
انتصار,F
بديعه,F
طلبه,M
خضر,M
مصباح,M
بكير,M
بشندى,M
رفله,M
ايلاريه,F
مرزوق,M
باخوم,M
جوليا,F
دوس,M
رضوا,F
ميخائل,M
شاديه,F
شريهان,F
شمس,F
فاتن,F
مرشد,M
كامليا,F
لينا,F
ماريان,F
محبه,F
حليم,M
حنضل,M
فرح,M
متي,M
يسن,M
ورده,F
يؤنه,F
نوار,M
ناثان,M
يسي,M
رامز,M
خزام,M
شهاب,M
صموائيل,M
اندراوس,M
سيدهم,M
ماركو,M
امساعيل,M
مشيل,M
هدرا,M
تحيه,F
مرتضى,M
الزهراء,F
ابوالنجا,M
ابوالمجد,M
حسبن,M
عمران,M
النجا,M
ابراهبم,M
شندى,M
معتمد,M
زينه,F
دسوقى,M
سهير,F
غالب,M
محمدالفولى,M
درويش,M
هريدى,M
عبدالغفار,M
غاليه,F
سرحان,M
منيسى,M
مصلوح,M
توتى,M
عجمى,M
نعيمه,F
الخشن,M
مرتجى,M
وئام,F
محسب,M
يسرا,F
محمدابراهيم,M
صبره,M
داكر,M
اكرم,M
حميده,M
فواد,M
روحيم,M
محمدالسعودى,M
محمدالسنوسى,M
عدى,M
عاى,M
محمدمحمد,M
الحاج,M
شتيوى,M
طسن,M
السعودى,M
تونى,M
محمدابو,M
عيطه,M
طربف,M
محمدعلى,M
الشيخ,M
بدوى,M
افراح,F
ام,F
محمدالسيد,M
شلفامى,M
جنه,F
زهير,M
عارف,M
عجيب,M
مهدى,M
ناريمان,F
شكرالله,M
نبيله,F
نخله,M
شاذلي,M
محمدابوزيد,M
الحمزه,M
الفاروق,M
كليب,M
لملوم,M
ابوهشيمه,M
محمدصالح,M
تلاوي,M
محمدالامين,M
محمدعبدالمقصود,M
خضراوى,M
اسلام,F
الادهم,M
طنطاوى,M
اناسيمون,F
اوستينا,F
ارمانيوس,M
بشير,M
بتول,F
بسنت,F
عملاك,M
تريزه,F
تيسير,F
حوريه,F
دولت,F
ابوالفتح,M
جادالله,M
نزيه,M
رتيبه,F
نبهان,M
المهدى,M
سها,F
سهى,F
سوسن,F
سوسنا,F
سيمون,F
شاهيناز,F
عنود,F
حسيت,M
هديه,M
غيداء,F
مقروش,M
فردوس,F
كاترينا,F
شحات,M
كارولين,F
مروزق,M
كاريمان,F
كرستينا,F
كيرمينا,F
لبنى,F
ديب,M
مادلين,F
نسيم,M
مارينه,F
ماريه,F
حنس,M
مرشى,M
زاهى,M
نجاح,F
شاوير,M
نفين,F
عيسوى,M
محمدين,M
اميز,M
قايد,M
اساف,M
افرايم,M
السعدنى,M
ايلى,M
باهى,M
بسام,M
بيتر,M
طوبيا,M
سقر,M
عفت,M
ربيعى,M
فيلبس,M
ابن,M
بقطر,M
هيمن,M
رجائى,M
صهيب,M
عبدالمعطى,M
الداخلى,M
فيراس,M
عنانى,M
فيليب,M
كرم,M
ماريو,M
مشاضى,M
الصغير,M
مكاريوس,M
متى,M
رأفت,M
عبدالمؤمن,M
نجيد,M
سبع,M
سباعي,M
العزم,M
جاكلين,F
عبدالشافي,M
لطف,M
سكينه,F
العربى,M
القاسم,M
كنز,F
مارسيل,F
يني,M
ميرفت,F
فرنسيس,M
بسخرون,M
لمعى,M
لويس,M
امبابي,M
ابوهاشم,M
متياس,M
باسل,M
بلال,M
فايق,M
جون,M
رحيم,M
ريمون,M
منجى,M
عبرنا,M
امبابى,M
راجى,M
عبدالبصير,M
حيني,M
امرو,M
عابد,M
عبدالباسط,M
سنوسى,M
قرياقص,M
محمدان,M
مندى,M
بهلول,M
شاروبيم,M
نايل,M
عبدجرجس,M
كتشنر,M
تادضروس,M
عبدالباري,M
خاطر,M
ذكيه,F
رتاج,F
خيري,M
فرغلي,M
لمياء,F
سمره,M
زيد,M
فكري,M
منشاوى,M
عبدالموجود,M
عبدالشفوق,M
جبريل,M
هيام,F
قياتى,M
يسراء,F
ترياق,M
جمام,M
صدام,M
عبدالامام,M
الدسوقي,M
بارح,M
المستجاب,M
جراح,M
شافعي,M
ابتسام,F
محمدصفوت,M
اشرقت,F
اصاله,F
خيرالله,M
ثامار,F
حينى,M
شرقاوى,M
تاضروس,M
ديانا,F
فلبس,M
راحيل,F
وسيله,M
رواء,F
روزان,F
رويدا,F
ريمونده,F
ريناد,F
مساعد,M
جندى,M
دانيال,M
بانوب,M
سماء,F
سييد,M
محى,M
شوق,F
مظهر,M
عودانى,M
دكروى,M
فرغل,M
شهدى,M
فبرونيا,F
كرستين,F
واصف,M
كرمل,F
كرمينا,F
شخلول,M
مامون,M
ميرى,F
شامه,M
نبويه,F
نهله,F
احمدبك,M
نيرمين,F
قادربوه,M
مللكه,M
هى,F
الحينى,M
جوهر,M
تمساح,M
زوزو,M
الجيلانى,M
نجاح,M
ونيس,M
عبدبولس,M
جوارجيوس,M
ناعوم,M
عتريس,M
سفيان,M
اطناسيوس,M
العرب,M
الرب,M
ساويرس,M
مارى,M
عقبه,M
انس,M
عبدالبارى,M
يوأنس,M
عبدالرافع,M
الريدى,M
راجح,M
كساب,M
جعفر,M
ذين,M
جاب,M
صبح,M
شمس,M
شوقت,M
بهاءالدين,M
عدليه,F
مرثا,F
نوسيبه,F
شبيب,M
نثان,M
عصران,M
عصر,M
نظيم,M
زاهر,M
مسألش,M
ابوصمره,M
بدريه,F
ربيعه,F
رموندا,F
ريه,F
سحر,F
سعيده,F
بركات,M
سيده,F
احمدابوالليل,M
مديحه,F
منيره,F
عزوز,M
شاهين,M
حكم,M
الدالى,M
عصرعباس,M
وفقى,M
شتوى,M
سلام,M
فلال,M
عبدالرؤف,M
عبدامام,M
عزمى,M
ناج,M
الازهرى,M
عزام,M
عبدالمولى,M
قعود,M
رؤى,F
نصحى,M
زراع,M
سعده,F
السبع,M
فوزيه,F
ازهرى,M
حضيرى,M
زيان,M
بشاي,M
علوانى,M
نسيم,F
عبدالنافع,M
هيبه,M
هارون,M
محارب,M
عبدالصادق,M
خضره,F
جايل,M
فرياله,F
فرحان,M
عا,M
صم,M
غا,M
نم,M
قدرى,M
شهيره,F
,M
الدايم,M
مأمون,M
جامع,M
ايوب,M
انجلى,M
فيبرونيا,F
ماريز,F
لوقا,M
مرينا,F
عريان,M
منقريوس,M
رمسيس,M
رزيق,M
ذكا,M
شارويم,M
المغربى,M
ملكه,F
عشري,M
هندى,M
فرجانى,M
ثميه,F
سوسنه,F
فبروينا,F
ففيان,F
كاترين,F
القمص,M
ليزا,F
اسطفانوس,M
مارجليت,F
وفيق,M
سرى,M
مرام,F
مجلى,M
منرفا,F
وجدى,M
سيحه,M
جارد,M
اندريو,M
باترك,M
نقولا,M
ابراهى,M
داخلي,M
بدار,M
زاخر,M
حلمي,M
مارك,M
اسرائيل,M
قزمان,M
خذاعى,M
سباق,M
اسيا,F
افت,F
مرقس,M
افنان,F
ولاء,M
سلوانس,M
عبدالمهيمن,M
دكر,M
بطه,F
تسنيم,F
ثمر,F
جليله,F
حسنات,F
حمديه,F
خيريه,F
تقاوى,M
حصب,M
عطالله,M
مغربى,M
قريا,M
قص,M
بكساوى,M
حدود,M
رؤيات,F
رؤيه,F
رجاء,F
نصرالدين,M
رميحى,M
عبدمرزوق,M
زيادى,M
انصارى,M
فيولا,F
لارا,F
لديا,F
عطاالله,M
جالى,M
نجاه,F
بدينى,M
غليوب,M
ننه,F
نها,F
بريقع,M
هلا,F
الاذهرى,M
عبدعوض,M
ابوعيشه,M
مندور,M
غنام,M
جواد,M
عشرى,M
راسخ,M
ديفيد,M
عبدالمنطلب,M
عكرمه,M
حميد,M
طانيوس,M
فرجالله,M
ماير,M
عرفان,M
الصاوى,M
عبدالخالق,M
وزير,M
عجور,M
هجرس,M
مكارى,M
داوود,M
حفنى,M
فناويل,M
ارينى,F
موسي,M
ذهنى,M
اقسام,F
دقش,M
ايفون,F
ريتا,F
بدروس,M
فيفيان,F
مرزقه,F
مترى,M
مريانه,F
فرن,M
كتشر,M
مجلي,M
طلعات,M
تهامي,M
اشعياء,M
شتيوي,M
بباوي,M
غزالى,M
عبدالونيس,M
شارلى,M
كدوانى,M
عبدالجبار,M
ابوخاطر,M
سارى,M
قسطور,M
وانيس,M
شيتوى,M
اوميل,M
شكير,M
مفرح,M
معاويه,M
عديل,M
جميانه,F
جواهر,F
ريموندا,F
شلابى,M
البرت,M
مالك,M
صرافيل,M
ماهيتاب,F
مريانا,F
بشاى,M
سوس,M
عبدشهات,M
ولاه,M
نجيه,F
نرما,F
مكين,M
حمادالتونى,M
يحيا,M
وراد,M
وهدانى,M
امشيل,M
ينى,M
ابيب,M
امطولى,M
بحبح,M
دارج,M
معبدخليفه,M
نبيشى,M
ارنست,M
مرش,M
تغيان,M
فايد,M
ابوعجيله,M
لمبى,M
ميرون,M
مستجاب,M
غزال,M
كويس,M
عبداحافظ,M
حمزاوى,M
تسابيح,F
ليس,M
ثريا,F
عبداحليم,M
جاسيكا,F
قذافى,M
حلا,F
حنين,F
الجود,M
رئيسه,F
راما,F
رانا,F
حمد,M
عبدالحق,M
عبدالحي,M
شكر,M
عبدادريس,M
الحداد,M
الياس,M
ميريت,F
قناشي,M
نجوان,F
نوران,F
لكوم,M
هديل,F
صاروفيم,M
وصال,F
منيس,M
ابوجلال,M
الادهس,M
ايساف,M
بيجول,M
رسم,M
رويس,M
مصلح,M
سامر,M
قناش,M
مندوه,M
حلبى,M
شلبي,M
كيراس,M
قلاده,M
فخري,M
شامخ,M
فريز,M
عبادى,M
اضواء,F
مخلف,M
حليمه,F
رولا,F
عبدالتواب,M
خلاف,M
صالحه,F
عايشه,F
مطرف,M
عبداالغنى,M
خشت,M
زغبى,M
عدوى,M
حنيش,M
الساعدى,M
صافيه,F
غزاله,F
كماله,F
منتصل,M
عبدالفضيل,M
وردانى,M
سويسى,M
الجارح,M
بحر,M
مؤيد,M
عبدالنبي,M
مراجى,M
مهيدى,M
انهار,F
حياه,F
وديد,M
نفادى,M
فيروز,F
حمدي,M
اللـه,M
عبداللـه,M
وافى,M
لامى,M
قويه,M
بريك,M
واعر,M
سالمين,F
سعديه,F
مقاوى,M
ترعه,M
مرزوقه,F
سعدى,M
ابوترعه,M
مجاور,M
ابوالسعود,M
نجم,M
طوير,M
عريبى,M
لافى,M
ابوهدمه,M
عليان,M
كحيل,M
برانى,M
هدوار,M
نصير,M
بلاش,M
مشرقى,M
ديهوم,M
ابوناصر,M
خليل,F
شوال,M
فتحي,M
كفايه,F
ميرهان,F
عبدابراهيم,M
استافرو,M
البير,M
بشار,M
مايز,M
روؤف,M
تيمتاوس,M
ماضى,M
دسوقي,M
وريد,M
معاز,M
فطيم,M
يؤنس,M
ررشدى,M
ابوالجود,M
هنيه,F
وداد,F
ادهس,M
مزروع,M
سعداوي,M
اروه,F
اليشع,M
انصاف,F
رضواى,F
ريحاب,F
سميحه,F
حميدو,M
الامام,M
محاسن,F
مشاعل,F
صغير,M
ست,F
الناس,M
جبلى,M
يامنه,F
تاوضرس,M
كارم,M
مجدلين,F
نعناعه,F
نواره,F
فزاع,M
جاسر,M
عبدرزيق,M
عوداتى,M
توحيد,M
حزين,M
عواداتى,M
نوفل,M
عبدعمار,M
منبى,M
متموح,M
عجيله,M
راتب,M
مقرب,M
اعمار,M
دحدوح,M
توني,M
خير,M
قاضى,M
عزايم,M
ابوالمكارم,M
ليثى,M
وفدى,M
ابوكريشه,M
ان,F
انجلينا,F
انغام,F
ايلين,F
توفيلس,M
ايمى,F
ايميلينا,F
برباره,F
ابواليمين,M
بهى,M
خشبه,M
علاءالدين,M
محمدالعربى,M
دمرداش,M
مشرف,M
جاسمين,F
جنات,F
جنى,F
طلاس,M
جوزفين,F
جونير,F
جوى,F
جيمى,M
جويس,F
جليل,M
جيسكا,F
جينا,F
عربى,M
محمدطلعت,M
جرجاوى,M
طنيوس,M
ربا,F
معبد,M
رضوانه,F
رفيده,F
ابوالعزايم,M
ادور,M
روجينا,F
حمدو,M
الحبيبى,M
رجاء,M
سويلم,M
زينا,F
بديع,M
محيى,M
شيمى,M
سالى,F
سلطانه,F
سلفيا,F
جبره,M
بشر,M
منتسل,M
مليجي,M
النزهى,M
سندس,F
سندى,F
كميل,M
سوزى,F
سيلفانا,F
سيمونا,F
شدو,F
شذا,F
المعتزبالله,M
ابوعوف,M
ريدى,M
جبلاوى,M
السهلى,M
عفاف,F
عنان,F
عهد,F
عواطف,F
فيفى,F
كارين,F
اشير,M
مؤنس,M
بسطاوروس,M
ساويريس,M
كلارا,F
عبدالميسح,M
لقاء,F
بغدادى,M
لوجى,F
ماجى,F
ملك,M
ميشيل,M
ماروسكا,F
عزب,M
ماريا,F
كاشف,M
مايا,F
مايسه,F
زهران,M
كرلس,M
بسطورس,M
عبدالجامع,M
فيكتور,M
دلور,M
مهيب,M
فكتور,M
مهرانيل,F
هواش,M
مهيتاب,F
ميرولا,F
ميريم,F
ميسون,F
وهبى,M
البكساوى,M
علوان,M
طهير,M
نيره,F
همت,F
هيلانه,F
وسام,F
مكادي,M
ارؤى,F
رسمي,M
روعه,F
زهاء,F
حمايه,M
كارمينا,F
تريفينا,F
ارميا,M
روتاج,F
شاهى,F
الحق,M
لوسيا,F
لوكاس,M
باسخرون,M
استيفن,M
عتبه,M
انطون,M
ارسانيوس,M
استفانوس,M
طرهونى,M
فلوباتير,M
كاراس,M
غبد,M
الحكيم,M
قديس,M
هنا,F
ارسانى,M
رؤوف,M
ستيفن,M
كرومر,M
حسيب,M
رسن,M
غندور,M
ابوالعيون,M
هروجى,M
كفلى,M
خفاجه,M
عرندز,M
لوجين,F
برديسي,M
سوبي,M
اسلم,M
الشربينى,M
الخولى,M
ابوالسعد,M
عبداله,M
السوبى,M
جيلانى,M
سجيد,M
المعتز,M
يواقيم,M
العارف,M
عسقلانى,M
سدراك,M
دبركى,M
حذيفه,M
رشدي,M
ذياد,M
خواجه,M
فليب,M
عبدكيرلس,M
كوسيجين,M
الجيد,M
شاهر,M
برجاس,M
بدران,M
عليوه,M
مغربي,M
حموده,M
دفتر,M
مكاوى,M
عتمان,M
الزين,M
بردهونى,M
الرحمن,M
كاظم,M
بشريده,M
اجمد,M
سمرى,M
بسطوروس,M
ماضي,M
تاج,M
نادي,M
شرعى,M
برنس,M
عساف,M
ذكريا,M
سطوحي,M
وفائى,M
مشتاق,M
الشافعى,M
راضي,M
معاذ,M
محمدأبوالقاسم,M
اشعيا,M
حويا,M
يامن,M
شلبى,M
البنا,M
عبدالمعم,M
بطاطا,M
عبدالمعيد,M
محمدحلمى,M
حجازيه,F
غنيم,M
فيض,M
نعمات,F
احلام,M
المشتاوى,M
هيكل,M
دخيل,M
نبوى,M
فضلى,M
عبدالصابر,M
السعود,M
بياوى,M
اورى,M
جحا,M
راويه,F
زهيرى,M
طيبى,M
سماهر,F
عزالعرب,M
ابوالعالمين,M
هايم,M
مصعب,M
الرشيدى,M
عبدالبر,M
النحاس,M
فتجى,M
اوليفر,M
جبران,M
ثرى,M
ناصف,M
مهاود,M
دوماديوس,M
رائف,M
قسطنجى,M
محمدالصاوى,M
شوبك,M
سوبى,M
مفيد,M
اياتى,M
فليوباتير,M
عد,M
الموجود,M
يسخرون,M
جمل,M
ابودسوقى,M
اعطاف,F
حسني,M
عبدالمتجلى,M
لله,M
بدور,F
جهمي,M
يوحنا,M
سادات,M
رزقه,F
زمزم,F
سجى,F
مدبولى,M
سمراء,F
سنيه,F
ضاحي,M
حلبي,M
حفيظ,M
باذيد,M
كريمان,F
مايفل,F
ابوسخرون,M
نادره,F
نارمين,F
الليل,M
الصاوي,M
نوسه,F
هدايه,F
شرقاوي,M
يسر,M
هنادى,F
كستر,M
اماره,F
المصرى,M
عوده,M
ابوالفضل,M
ملازم,M
عليا,F
كنزى,F
فداوى,M
السباعى,M
حبييه,F
حنفي,M
سجده,F
شهيد,M
ابوالعباس,M
رشوان,M
نارمان,F
خلود,M
سخى,M
الزهرى,M
نداوي,M
بوش,M
شعراوي,M
اشراق,F
معيش,M
انجل,F
استراتى,M
فايقه,F
فريال,F
كارمين,F
عبدمناع,M
كيريا,F
مرتين,F
نعمانى,M
عكه,M
ادوارد,M
سويفى,M
هلبيس,F
معتذ,M
الجميل,M
القذافى,M
طالب,M
قرقور,M
عبدناشد,M
عبدالشكور,M
الكرانى,M
غلاب,M
انشراح,F
مومن,M
توئه,F
حور,F
قضب,M
راندا,F
لؤى,M
الوردانى,M
الكحلاوى,M
صافيناز,F
عيشه,F
مورا,F
تواب,M
يمنى,F
المكارم,M
مداح,M
ابوالغيط,M
هلالي,M
حمتو,M
عطاالكريم,M
حنطور,M
الضوى,M
لطفي,M
مخائيل,M
ابادير,M
نصرت,M
عبدالمخلف,M
محمدسيد,M
يدرى,M
غفار,M
يوانس,M
ابوالدهب,M
توحيده,F
بهسناوى,M
مشيره,F
وضحه,F
ضوى,M
القرنى,M
انجه,F
جوهانا,F
حفصه,F
سعفان,M
سوما,F
شربات,F
ابوالحسين,M
فدوى,F
روبى,M
الفى,M
نجات,F
عبدالراضى,M
ياره,F
اسر,M
بهنساوى,M
الغندقلى,M
محمدالصغير,M
زيدون,M
شوكت,M
نشئ,M
قطيعى,M
رحيل,F
دبشه,M
بحيري,M
باشا,M
بهنساوي,M
طرفاوى,M
نصره,F
نجدى,M
هيلدا,F
سعدالدين,M
وفاء,M
بحيرى,M
فيلوباتير,M
بهدالى,M
ليون,M
عجايبى,M
الجنيدي,M
مكى,M
بوسى,F
شنيوى,M
جانيت,F
جيلانه,F
حفني,M
النادي,M
فاكهه,F
مصبح,M
محمدمهنى,M
عبدالباقي,M
يشرى,M
جلبى,M
الشبكشى,M
بساده,M
ليثي,M
صمؤئيل,M
ابسخيرون,M
مريان,M
قليد,M
-,M
فوز,F
بربري,M
موفق,M
سهيل,M
امبن,M
ابوالعيد,M
سبد,M
سلبم,M
اريج,F
فلمون,M
نبيش,M
ابوسته,M
بدرالدين,M
هلالى,M
جنينه,F
ذهب,F
رويشد,M
رانده,F
عباسيه,F
نجاتى,M
المولى,M
بديني,M
نانا,F
الجرودى,M
الحمد,M
ميهوب,M
سوسى,M
معبدمحمد,M
مجيدى,M
انجيل,F
حشاد,M
بندى,M
يوستينه,F
جفال,M
اقبال,F
بيجين,M
صدقي,M
زعفران,M
امندا,F
هجرسى,M
ايزيس,F
اكرامى,M
عبداسلام,M
جاسى,F
جمالات,F
واسع,M
منهرى,M
رتيب,M
ورداني,M
مغاورى,M
روأنا,F
بولاق,M
زنيب,F
غول,M
عشم,M
ثايت,M
نيسان,M
سوميه,F
سهل,M
شهندى,M
بكري,M
عاليه,F
طهماوى,M
طراف,M
امبل,M
لادي,M
كريستين,F
ليديه,F
طوسه,M
مكسموس,M
اسكارس,M
ضاني,M
سلطن,M
عبدالولي,M
العيد,M
مهران,M
مهدي,M
حمعه,M
شبل,M
ريان,M
سيلا,M
حقى,M
انجيليوس,M
غالي,M
الهادى,M
هندي,M
سيله,M
جيسن,M
ساهر,M
السعيد,M
ابوخليل,M
قرضابى,M
يولس,M
شمندى,M
عبدالخبير,M
مين,M
ميللر,M
واقيم,M
عبداللا,M
عباده,M
انياظ,M
عبدالنظير,M
كحلاوى,M
شفاء,F
خويلد,M
نجوات,F
ابوالحارث,M
السمالوطى,M
ابواليزيد,M
عبدالدائم,M
مشهور,M
زهور,F
سمريه,F
شوقيه,F
عبدالمعين,M
قليعى,M
ابراهم,M
حسينى,M
التونى,M
الاصنع,M
اخلاص,F
العتريس,M
بلسم,F
حهاد,F
دانا,F
مناف,M
العىتريس,M
حلف,M
عامرعبدالمطلب,M
جسرى,M
اخمد,M
زويد,M
جسيان,F
راشيل,F
حندوق,M
قليني,M
ابواليل,M
غنيه,F
نسييم,M
جمبل,M
مربم,F
جندي,M
اثنانيوس,M
شعيان,M
جادالرب,M
اشتياق,M
بهيج,M
هابيل,M
القمس,M
دكش,M
روماريو,M
صمويل,M
نيبل,M
عبدالمزيد,M
مطيره,M
صدق,M
كيرليس,M
ماكاريوس,M
غيد,M
صداق,M
نويجع,M
يوثام,M
عبدالمنجى,M
نوريهان,F
ارزاق,F
اسمهان,F
ابوحليبى,M
تيسير,M
المنتصر,M
سليمه,F
صفا,F
مودلين,F
نريمان,F
صابرين,M
عبدالقوي,M
المدثر,M
الهوارى,M
بسيوني,M
نزهى,M
عدنان,M
ريحان,M
اريهام,F
تركى,M
انثال,F
اولفيا,F
جرس,M
حريه,F
احمدي,M
زبيدا,F
ابوشوشه,M
سندسيه,F
شاهندا,F
مادح,M
برسطاوى,M
نحمده,F
فركاش,M
مفضل,M
ابوعميره,M
ابوالشلابى,M
جاسم,M
الماوى,M
قادر,M
نظمى,M
خشروم,M
منور,M
فهد,M
ابوعشه,M
امباشى,M
اشواشين,M
ابوهارون,M
جبالى,M
دهب,F
حمام,M
ابوطرفايه,M
جلغاف,M
شحته,M
احمدى,M
فريجه,F
مبروكه,F
عبدالنادى,M
نميرى,M
مقرحى,M
العزايم,M
زبون,M
ابوطلاس,M
السعدى,M
مشوادى,M
عرموش,M
ابوحلفايه,M
نخنوخ,M
ندره,F
عجب,M
صفى,M
هراس,M
مويس,M
مدلله,F
برميل,M
شواط,M
اسماعبل,M
حاكم,M
عبدحسن,M
شقلوف,M
بخاطره,M
الرزق,M
الانصارى,M
عويضه,M
شيبه,M
رفغت,M
الصادق,M
كريستينا,F
نعمت,F
الفولى,M
سلمى,M
سلمي,M
حسلم,M
السادات,M
عيسوي,M
نجات,M
عبدالمنجي,M
اشجان,F
رشدان,M
البتول,F
العظيم,M
عليش,M
جرو,M
عبدالعواض,M
انشد,M
شداد,M
قاياتى,M
رحاب,M
رايقه,F
البو,M
اتشد,M
عاكف,M
نداء,F
الصفا,M
شعرواى,M
حمزاوي,M
جارحي,M
بلياس,M
هلشم,M
قضاوى,M
حفظ,M
نورا,M
قمره,F
مجده,F
غزات,M
عبدالشلفى,M
شرف,M
وسيلي,M
برازان,M
تاوفليس,M
ابوالعلاء,M
توفبق,M
عذرا,M
مبخائيل,M
جادالسيد,M
سامي,M
هيدى,F
برام,M
سلومه,M
زخارى,M
النمر,M
ابوالوفاء,M
غرام,M
سفين,M
بهجات,M
عبدالمعتمد,M
متحت,M
منشاوي,M
تمام,M
العبيد,M
نوح,M
نمام,M
ندير,M
منجي,M
شاهد,M
رزاق,M
بليغ,M
قدريه,F
لواحظ,F
بدير,M
شهاد,M
قريش,M
اغابيوس,M
مرغني,M
الداخلي,M
طايع,M
وهمان,M
بدري,M
عبدا,M
الخالق,M
زيزى,M
الحتى,M
الدمرداش,M
عزولاني,M
الدمرداشى,M
بنوره,F
الليثي,M
زيناهم,F
ستهم,F
الرازق,M
يحيي,M
منتصره,F
نقودى,M
ناجحه,F
فاخر,M
زرعى,M
ميخائبل,M
القياتى,M
بسمان,M
بيباوى,M
طايل,M
شهير,M
وحش,M
رشيدى,M
العيون,M
حكشه,M
عزقلاني,M
مرايف,M
الليثى,M
بسيمه,F
حماس,F
ذكرى,F
روح,F
نتيج,M
قدس,M
مدينه,F
ميسره,F
قاصد,M
غديرى,M
قبيضه,M
الطبلاوى,M
عفيفي,M
اموره,F
الفونس,M
برنسا,F
محيسن,M
بلطيه,F
بهيثا,F
الخلعى,M
تقوى,F
فراح,M
النعيم,M
مشمش,M
فتوح,M
توحه,M
سهرانه,F
ابوالكرامات,M
ازرق,M
مندارى,M
عطيات,F
امرى,M
مقبول,M
كمال,F
مسعوده,F
فصيبح,M
الحميد,M
عبدالحارس,M
مقبولى,M
سنجر,M
طبلاوى,M
عصمان,M
غيربال,M
جيلان,F
جرحس,M
سانتى,F
عايده,F
كرمه,F
كيرستين,F
مكسيوس,M
بسيط,M
محفوظه,F
مروا,F
هلقاني,M
منجده,F
عاطب,M
مسعان,M
داس,M
ننسى,F
تكلا,M
عطانه,M
انجلي,M
جبرائيل,M
استيفان,M
تكله,M
عبدرياض,M
جوفان,M
فليمون,M
مكيموس,M
بطوروس,M
طهماوي,M
عبدالراقع,M
مرداش,M
عرابي,M
ابوسيفين,M
فيزى,M
عبالله,M
شربف,M
عتيق,M
الكبير,M
وسام,M
عبدالمتمنى,M
وافي,M
صفاء,M
خضرى,M
معنى,M
عبداسماعيل,M
مونيكا,F
مخالى,M
نظيره,F
عطى,M
حيضر,M
اتور,M
اسيد,M
مثبت,M
ماثيو,M
امره,M
ايريكا,F
شرلى,M
لطيف,M
جوفانه,F
جومانا,F
سيفين,M
ابوالفيل,M
سعدنى,M
بسطاورو,M
روز,F
عرندس,M
ابوسيف,M
سدره,M
غبدالله,M
فونس,M
لوندى,M
سومحه,M
لورنا,F
زاخريوس,M
عبدصاروفيم,M
مارفا,F
ماريهان,F
مانويلا,F
معمدان,M
مريت,F
مريهان,F
غايس,M
عبدالفادى,M
طنج,M
سنفرو,M
يوأنا,F
صارفيم,M
ذاكي,M
اسطاور,M
كيهك,M
حبيش,M
سنكري,M
جوني,M
حمده,M
رؤول,M
راؤول,M
تايب,M
وردى,M
شارل,M
يسئ,M
عرموس,M
نورى,M
ملر,M
نديم,M
مريز,M
ابوحليقه,M
رحومه,M
فيومى,M
حدوت,M
زروق,M
دمينى,M
بسل,M
عبدنادى,M
موره,M
نجاه,M
مرغنى,M
هرام,M
شلاتيت,M
اردينا,F
اوجنيه,F
استيرو,M
الهامى,M
سهام,M
منداراوى,M
ابوالعلمين,M
الغندورى,M
هبا,F
يورين,F
الحنبولي,M
الزناتى,M
هنداوى,M
هيدرا,M
السنوسى,M
رجبيه,F
شرموخ,M
ابوحلقه,M
شلبيه,F
منجه,F
اسمناعيل,M
تمى,M
رابح,M
يثرب,F
ابرأهيم,M
عارز,M
ابوالحلى,M
عبدالرزق,M
احسان,M
الخير,M
مغيث,M
ايثم,M
زهرى,M
عبدالغنني,M
سباعى,M
مياس,M
مجاهيد,M
انورالسادات,M
زربيه,M
صافي,M
عبدمناف,M
عبدالمولي,M
ميمون,M
ابوحويه,M
انوار,F
شحيت,M
حوسين,M
الديك,M
الميمون,M
حرباوى,M
كاميليا,F
فرفور,M
منبيشى,M
شجيت,M
علاق,M
علوى,M
ضبع,M
اكحيميش,M
جنيدى,M
انجليوس,M
الزينى,M
عبدالكافي,M
بادير,M
هديب,M
عبدالقدوس,M
ابوالكارم,M
الوهاب,M
برايت,F
جوفينا,F
زوزو,F
ساندرينا,F
مجيد,M
فيرونا,F
رمزي,M
مارفى,F
جبيب,M
قمر,M
امشير,M
نردين,F
شقراني,M
هديا,M
اوميمه,F
النعاس,M
العادل,M
نقيه,F
نهاد,F
الدوله,M
سويكر,M
فضيل,M
الكيلاني,M
امبيشى,M
حرب,M
المبروك,M
مريض,M
قدافى,M
سويس,M
عنبر,M
ابوخليفه,M
عشورى,M
ابوغراره,M
عبدالمرشد,M
خفيف,M
سالسبيل,F
عزاوى,M
سونيا,F
الالفى,M
ابوالنصر,M
زاينهم,M
عوضين,M
قريشى,M
جود,F
شويكار,F
ابوالحمد,M
عيون,M
هياء,F
محمو,M
د,M
منصف,M
الطرشانى,M
القادر,M
مدكور,M
اعتماد,F
عبدالعاظيم,M
بهاء,F
رحيق,F
الحقي,M
شهنده,F
جسار,M
متصر,M
سرور,M
العبد,M
افرونيا,F
عاذر,M
دولاجى,F
الشريف,M
هايمن,M
صبحي,M
نشات,M
اصلاني,M
النشار,M
فنحى,M
الحنفى,M
سعود,M
عبدالمنصف,M
المعزلدين,M
مارلى,M
بندرى,M
خطار,M
لنعيم,M
ابوا,M
لعمران,M
ادوار,M
زبيده,F
ا,M
رحب,M
بواقيم,M
البكرى,M
شربينى,M
شربيني,M
عبدعطا,M
غبور,M
محمدود,M
سريال,M
ايفلين,F
ميمى,M
بارثينه,F
بدر,F
الريس,M
بر,M
زبنب,F
دنديشى,M
عز,F
فر,F
حه,M
ممد,M
كلير,F
سمسوم,M
شكري,M
ترياك,M
اشعيه,M
ميريهان,F
الجندي,M
سحاق,M
يوليانه,F
ابوخالد,M
ابوالنيل,M
عيادالصغير,M
عبدلله,M
ملتياد,M
صقى,M
عبدشكرى,M
المسيح,M
زكا,M
تونس,F
روفيدا,F
رمصان,M
ارشيد,M
فضل,F
راجي,M
بدوي,M
نجيبه,F
ابواسماعيل,M
السمرى,M
زخاري,M
بفام,M
بحي,M
طونى,M
عرقات,M
هنري,M
جرجاوي,M
كراس,M
اوجينا,F
اوليزيا,F
باسنت,F
تريفانيا,F
ذيدان,M
كرومل,M
درغام,M
حدق,M
عرباوى,M
عائد,M
ليئه,F
عبدفايز,M
ماريانه,F
عبدغطاس,M
ميشال,M
نيقولا,M
جبراوى,M
شويك,M
اوريا,M
نخيل,M
نيروز,M
افرام,M
امانيوس,M
بشنونه,M
عبدلويز,M
عبدشحاته,M
مارو,M
رحوم,M
نحاس,M
استاورو,M
اهداء,F
ابوزينهم,M
ثونى,M
غريانى,M
ابوحسن,M
ابوالخير,M
فله,F
مدنى,M
دفشى,M
طعلت,M
اوجد,M
سويطى,M
صغبر,M
ارين,F
ابوالوفا,M
مجروس,M
عبدالظيم,M
تغان,M
سماح,M
مدرونه,F
مشفت,M
توغان,M
نجفه,F
جوار,M
عبدعزيز,M
اسام,M
بنيه,M
ونجت,M
اسكندره,F
الين,F
رومندا,F
عط,M
مستوره,F
عبدمتى,M
ضليب,M
بنيوت,M
بيطر,M
فيلوبايير,M
اوسامه,M
اندروس,M
رينى,F
نوس,F
تيمور,M
اسرافيل,M
بسخيرون,M
شنودا,M
ايفيت,F
عراقى,M
جهاد,M
كستور,M
زهو,F
متجلى,M
سيحا,M
قته,M
الصرمانى,M
فوزي,M
عبدخله,M
مرتينا,F
متري,M
عاز,M
حبش,M
نفيسه,F
نميس,F
خله,M
اسكاوروس,M
ذكري,M
قلدس,M
ملطى,M
بصير,M
عبدمنير,M
بسطه,M
ابوالحكم,M
توضروس,M
ضبعى,M
اميايى,M
محمدرضا,M
شجرانى,M
محمدالامير,M
احمدالصغير,M
محمدالسعيد,M
نويرى,M
عبدالشيمى,M
راويا,F
بسطامي,M
نيروز,F
ضاهر,M
منداروى,M
سويسي,M
افرينا,F
اجيد,M
عبدالقالدر,M
براءه,F
مهدلى,M
وصيف,M
توجت,M
ففيانا,F
فكتر,M
منهالله,F
ليشع,M
نورس,F
عكوش,M
ساجد,M
عبدوليم,M
محمدى,M
اجود,M
قبيل,M
عزيزالدين,M
الشرولى,M
مقبل,M
زهرالله,M
سمحى,M
باهىالدين,M
اقواطين,M
واعد,M
قابل,M
نضال,M
لدين,M
الخوزاعى,M
ابسم,M
يمنى,M
عفالله,M
القيس,M
ابوالعز,M
عبدالجميد,M
عطيان,M
عيدالمجيد,M
تركيه,F
عبدلوهاب,M
محمدربيع,M
زهوه,F
ديك,M
سهر,F
سونه,F
نهرو,M
شمخ,M
جاورجى,M
بلبل,M
محمدكمال,M
عنقوله,M
رجأ,M
شالوش,M
يوستسنا,F
البصرى,M
اليوسفى,M
فلامون,M
توقيق,M
بشراى,M
نياظ,M
المنذر,M
عبدالمنتسب,M
همام,M
عبداحمد,M
عبدكرومل,M
عطفى,M
كلثوم,M
امبيه,F
ليسي,M
مايزه,F
فصل,M
اميز,F
تقى,F
عبدالمستجاب,M
مضان,M
دبيكي,M
مرزبان,M
ابرا,M
هيم,M
غزاوى,M
اغانى,F
يادم,M
اوديت,F
دليمى,M
سلسبيل,F
افكارين,M
سيرين,F
منفى,M
دبيكى,M
لطيفه,F
سسالم,M
بصيص,M
السمان,M
مفاح,M
غراره,M
الصيفى,M
حست,M
علمى,M
برديسى,M
اكرام,F
ايفان,F
ابوصيام,M
نطر,M
عبدالغتى,M
لبنى,M
زيداز,M
مؤمنه,F
فياض,M
اشر,M
ف,M
سداد,M
حفظى,M
هتلر,M
سكران,M
فائق,M
حرنى,M
شلتوت,M
رائق,M
خليلم,M
فلاح,M
عبدالباقلى,M
عبداعزيز,M
افتنون,M
هبدالعال,M
اسيه,F
حدور,M
عباللطيف,M
ابوالسباع,M
ثناء,F
عبدالرحممن,M
عبدشبيب,M
ابوديله,M
عبدالحليل,M
ابواللبل,M
سياف,M
شمت,M
الألفي,M
زعزوع,M
ابوالسباغ,M
جبرئيل,M
الصديق,M
غبدالعال,M
غبدالحفيظ,M
احترام,F
الاصهب,M
مطرود,M
عبدجريس,M
شلقانى,M
اسليمان,M
عبدالنصير,M
ويلى,M
عبدالناجى,M
ابوالدلال,M
مسمح,M
لقمان,M
افنيس,F
النبى,M
رهف,F
بنزويل,M
بيرو,M
ناروس,M
دح,M
نوال,M
رميح,M
سماوى,M
بحراوى,M
باريز,M
عبدابو,M
عبدابوالليل,M
عموش,M
نصيب,M
اليزيد,M
الاسلام,M
معاتيق,M
شهده,F
لطيوش,M
رسلان,M
قصى,M
طرفايه,M
شريناز,F
حصاوى,M
مفتاج,M
قذافي,M
ابومدين,M
ابوالعزعبده,M
عطيفى,M
ناصرالدين,M
ماهرعثمان,M
الحجازى,M
هرون,M
محمدطارق,M
نودى,M
بسطا,M
محمودالصغير,M
غنى,M
بطيحه,M
محمدامين,M
عمرهشام,M
باهر,M
النسيمى,M
كارلس,M
ضياءالدين,M
ماهرمحمود,M
نصرسيد,M
زعلول,M
محمدالبدر,M
مصيلحى,M
مدثر,M
ريحاب,M
احمدماهر,M
محمدرفعت,M
عزيزالدىن,M
الضبع,M
عامرطلب,M
حسونه,M
قمصان,M
محمدمهني,M
ريفان,F
وحبد,M
فرح,F
الفارس,M
مريد,M
برهيجي,M
نغم,F
روميساء,F
فيرا,F
فوده,M
باتريك,M
واسيلى,M
دنيال,M
انسى,M
فلتس,M
تادروس,M
براء,F
محمدعادل,M
جولى,F
عطاي,M
نظيف,M
سدين,F
الخراط,M
سلبمان,M
صوفيا,F
فيرونيكا,F
جوارجى,M
كاتى,F
لميس,F
مارولا,F
ماهينور,F
منة,F
ميرونا,F
شمروخ,M
جومانه,F
كرار,M
ترنيم,F
مارلى,F
هانبا,F
جان,M
كارل,M
رؤف,M
مايك,M
ميلر,M
ايثار,F
جنا,F
الهام,M
وعدالله,M
مسامح,M
دومه,M
عبدالوالى,M
خبيب,M
تودرى,M
براهيم,M
يا,M
سين,M
بولص,M
نياظى,M
الغباشى,M
الفرغلى,M
ماذن,M
اوسام,M
تقي,M
وسمى,M
عبدالمعبدعبدالنبى,M
محمدراضى,M
ايـات,F
ابـراهيم,M
عبدالكـريم,M
عـلاء,M
عبدالولى,M
عبدالرجال,M
استمالك,M
صابرى,M
زناتى,M
روقيه,F
عمده,M
صفيناز,F
مارثا,F
حواتكى,M
الطبرى,M
حريز,M
حج,M
وعد,F
مححمد,M
حجارى,M
اردينه,F
اسيل,F
ايفا,F
اعتصام,M
عبداباسط,M
ض,M
ث,M
بىسمله,F
تقا,F
تميمه,F
السر,M
ربيعي,M
كلحي,M
حسوبه,M
لولى,M
شدا,F
لمى,F
محمدحسن,M
مقلد,M
النبي,M
ميراى,F
ميسم,F
نرفانا,F
ع,M
همس,F
هيلن,F
جاستن,F
قطيط,M
سولينا,F
لجين,F
مارفن,F
مورين,F
ميرام,F
هولى,F
هيلارى,F
عطفان,M
عبدالسند,M
ناظر,M
مساك,M
جيوفانى,M
سيمون,M
عبدالخير,M
البيومى,M
هوى,M
عبالرحمن,M
مولر,M
نوناى,M
اثير,F
اشكيناز,F
اغابى,F
العلياء,F
عطاى,M
اوجينه,F
تسبيح,F
عبالمسيح,M
جودى,F
رأغت,M
اقبال,M
رودينه,F
روفانا,F
ت,M
النوبى,M
عبدالعزبز,M
"،",M
فرونيكا,F
البدري,M
مللك,M
ز,M
مايجن,F
بربرى,M
عسران,M
ايسن,F
ناجي,M
احمدمحمد,M
الفريد,M
سامنثا,F
زهيف,M
عجايبي,M
انطونيو,M
الفكرى,M
مخلص,M
فتى,M
م,M
عطيتو,M
ابومخلوف,M
محمدالعبد,M
الطاهر,M
العادلى,M
منذر,M
شمشوم,M
ارسولا,F
جورجينا,F
ابوالعزم,M
التركى,M
عبدالروؤف,M
دمترى,M
تاروز,M
داوس,M
فيرجينيا,F
روبرت,M
ليفون,M
الحبيب,M
مايوركا,F
الطويل,M
ميرال,F
رحماء,F
الهجان,M
اكثم,M
النزهي,M
البركاوى,M
ابوخيشه,M
الديب,M
خفاجي,M
الاسيد,M
البدراوى,M
رينيه,F
بريده,M
خضرواى,M
عبداالعزيز,M
نوزاد,M
الفت,F
ابوالطيب,M
بركسام,F
شهرى,M
عسقلان,M
بري,M
عبدالوالي,M
عدالفتاح,M
لطفيه,F
مارتين,F
عطيطو,M
ناعسه,F
ابوالحجاج,M
يؤنا,F
روديلف,M
تسن,M
معبدسيد,M
الأمين,M
زعفر,M
موهوب,M
ليسى,M
محمدنور,M
محمدشيتوى,M
عصماء,F
عطاف,F
الأزهرى,M
نجوه,F
بوسف,M
الغنى,M
شريعى,M
الصغبر,M
براهبم,M
الغزالى,M
مطيعى,M
القدرى,M
القطيعى,M
مزارع,M
عوف,M
عبدالكر,M
يم,M
ارستين,F
ايرين,F
ايفت,F
بارثينا,F
ابوضيف,M
روزالين,F
المختار,M
ماريام,F
عزير,M
حببب,M
نرجس,F
مشهد,M
يؤانا,F
حمدالله,M
ميجر,M
جوناثان,M
قناويل,M
العزيز,M
تنداوى,M
جبالي,M
سكنه,F
سوسو,F
سوسينه,F
احمدالحسينى,M
صنيوره,F
الحسيني,M
مرينه,F
تلاوى,M
ياسرر,M
ناجد,M
محمدعمر,M
انجلوس,M
رماح,M
عبدالحكبم,M
رضاى,M
سرالختم,M
واحى,M
ابوالعمران,M
خضيرى,M
جنيدي,M
شتوي,M
نبوت,M
اشراف,M
عوص,M
رافائيل,M
معبدصابر,M
سعاده,F
عليات,F
شازلى,M
شرازى,M
قصدى,M
اوفديه,F
عبدالودود,M
عسكر,F
خضير,M
البطل,M
نظل,F
هزلن,M
ابوالهدى,M
سركيس,M
مطر,M
هرني,M
عسير,M
قبارى,M
امساك,M
عببدالحميد,M
حمدون,M
الصالحين,M
شندي,M
شطبى,M
عبدالاله,M
عالى,M
طلال,M
غرام,F
يارب,M
خلى,M
ايراهيم,M
سرجيوس,M
الهيثم,M
ميلا,M
لمعي,M
ناحج,M
ذوق,M
فلو,M
باتير,M
اسطاوروس,M
خليله,M
عبدالحكميم,M
مطير,M
عهدى,M
اوجينى,F
ايار,F
ديما,F
ردينه,F
علوه,M
سلسبيلا,F
بايزيد,M
الهواري,M
مارفل,F
وريث,M
جويله,F
عبدالماجد,M
ايهم,M
محمدالزيني,M
الرستم,M
--------,M
البرنس,M
وضيئ,M
عبدالمعطي,M
النميرى,M
نعنوس,M
عقيل,M
تاغي,M
مرضى,M
عبدالباصير,M
لحمد,M
بن,M
نتج,M
غضوب,M
عارفين,M
العقيلى,M
مستغاضي,M
ماضبي,M
سلوان,F
شحوت,M
شورى,M
عبدالصابور,M
ارمياء,M
بنامين,M
جيوشي,M
جيوشى,M
مملوك,M
سايمان,M
كيرولس,M
عبدالعزيو,M
منجد,M
فاز,M
عبدالعزير,M
اسرء,F
حسنه,F
رسانى,M
عبدالدين,M
يوءنا,F
اابراهيم,M
عفيفه,F
مهيار,F
اكمل,M
قشيرى,M
مشعال,M
شيبوب,M
عبدعبدالله,M
الياب,M
عبدالجاير,M
عبدالنعبم,M
شيخ,M
روحه,M
وهيبه,F
ادمرداش,M
السقا,M
عزمي,M
حنل,M
اصمعى,M
زاير,M
زكارى,M
سهيلا,F
غرباوى,M
الى,M
جورجيوس,M
ايمنه,F
جبل,M
عشور,M
سنجام,M
فجر,M
فدراوى,M
عبدالسلا,M
كفافى,M
اصنعى,M
ثيودورا,F
حدقه,F
زياد,F
رايق,M
مريام,F
يوانا,F
عبدمحمد,M
ابوالعينين,M
محلوف,M
بسيخرون,M
برقى,M
جليانا,F
محمدعزت,M
موده,F
حواش,M
محمدالبيومى,M
نيازى,M
قناوي,M
مراحب,F
عايش,M
ميسره,M
الحفنى,M
الفتوح,M
كابر,F
مرسا,F
عبالعزيز,M
يمنه,F
صهار,M
وقيم,M
نورفانا,F
حلو,M
ابوالشيخ,M
افيولا,F
سدراوي,M
حسانبن,M
انطوني,M
صومائيل,M
بشات,M
هزلى,M
اربسيما,F
العشرى,M
حجازي,M
متيسر,M
اسمى,F
ديانه,F
يوناى,M
الازرق,M
مارسه,F
سرافيل,M
محمدسعيد,M
خورشيد,M
محي,M
اصنعي,M
خسيين,M
تؤفيق,M
شمر,M
جاليه,M
هيتم,M
دكروري,M
زقزوق,M
الدارقطنى,M
كامله,F
مونس,M
خرستو,M
نبيه,F
ابوالعطا,M
فوكيه,M
ابنوب,M
السباع,M
النقيب,M
فخر,M
محمدنجيب,M
لوز,M
الشاهد,M
صلا,M
ح,M
قلفاوى,M
فنجري,M
خيشه,M
اصباع,M
ابوالريش,M
جميان,M
كمالى,M
ابوعبيده,M
الريش,M
ايرائى,F
ابواليامين,M
حكمت,F
قليعي,M
مصري,M
راغده,F
جداوي,M
عبدالغفور,M
هريدي,M
عنايات,F
قزمول,M
بشوت,M
مهتاب,F
عبدالقافي,M
مجدي,M
لما,F
ر,M
عبدالشافعى,M
نفوس,M
فيضى,M
زكرى,F
عشيرى,M
السبيعى,M
غزالي,M
قرشى,M
هائم,M
ها,F
جر,M
نجد,M
فايض,M
ابوحلفه,M
الكسبان,M
خرش,M
محمد.,M
النقراشى,M
عقباوي,M
جيميانه,F
انورى,M
هلباوى,M
ريحان,F
محمدرجب,M
لليان,F
الدراوس,M
حلمىى,M
محمدفولى,M
سوسو,M
ابومعانى,M
المولي,M
زوين,M
طرفاوي,M
زكرىا,M
شفقيق,M
حكمات,F
صبحه,F
عبدالحواد,M
طياب,M
كسوات,M
ابوشناف,M
ذهني,M
الساعدي,M
الشامخ,M
دويب,M
طغيان,M
خطيره,F
غندى,M
معبدمختار,M
عزاز,M
ثاوفيلس,M
رب,M
انجيلوس,M
رئيس,M
كسبان,M
سحر,M
بشندي,M
جليه,M
ريتاج,F
قمير,M
عبدالحريص,M
جارح,M
قواطين,M
صاغ,M
دمرداشي,M
شكل,M
الحسناء,F
الطاف,F
محمدنادى,M
دليا,F
راند,F
اميرالمؤمنين,M
متع,M
والى,M
علواني,M
اوعاد,F
بزاده,F
حكيمه,F
حموه,M
عزيمه,F
منياوى,M
واثق,M
نتعى,M
عمارى,M
الجالي,M
العربي,M
ابوسعود,M
براء,M
اليس,F
شعيت,M
ابوالنجد,M
زير,M
ليليان,F
بشارى,M
شاؤول,M
عبدالرءوف,M
عجيان,M
شيت,M
عطوان,M
الرهيف,M
صمؤيل,M
دريس,M
مكارم,M
بهلوى,M
صموئي,M
مرعي,M
حباسى,M
روبيل,M
"على	",M
فورى,M
تواضروس,M
فنيار,M
تيموناوس,M
عدبد,M
الجليل,M
راضيه,F
جيره,M
نوفانه,F
ابوالطاهر,M
فاريز,M
قوزى,M
برعي,M
نقاوى,M
افلاديوس,M
الخضر,M
مودى,M
رباح,F
عراقي,M
محسون,M
شال,M
مندروى,M
نودي,M
عربان,M
ميرغنى,M
ميصر,M
ابوقرمان,M
عبدالرجمن,M
مندورى,M
مزيون,M
ميرت,F
ميسر,M
يا,F
سمين,M
الحديدى,M
ونس,M
خافظ,M
برت,M
نهاد,M
عراب,M
البسطاوى,M
محمدجمال,M
جستين,F
سعدون,M
مايبل,F
ناغى,M
قلديوس,M
بساليوس,M
الراضى,M
خلي,M
افراج,F
ساكن,M
نان,M
قضيان,M
جيوش,M
مكاوي,M
بسالي,M
كنز,M
بغدادي,M
البحيري,M
صفوان,M
محمدعبدالبارى,M
جادالمولى,M
النوبي,M
عبدالواجد,M
انتونى,M
جاكسى,M
روميرو,M
شعماش,M
مؤذن,M
النادى,M
مشال,M
ليمون,M
يوسام,M
غيطان,M
مشاضي,M
لصيق,M
مراجع,M
ابريك,M
المنفي,M
مشحوت,M
المنفى,M
لبنه,F
الشرقاوى,M
همالى,M
نبيشي,M
فداوي,M
ابوفرده,M
حلات,M
نايف,M
مطلق,M
سقام,M
رومانده,F
مادين,F
الجندى,M
اوتير,M
كسوان,M
وظيف,M
ديمترى,M
فلامين,M
انبيشى,M
شناف,M
ميكل,M
ارشاد,F
الأصنعى,M
عبداالله,M
امبيش,M
عبدالحقيظ,M
عبالسلام,M
زاهيه,F
صفىالدين,M
تاجى,M
عقب,M
طنطاوي,M
متصور,M
المجدوب,M
خميش,M
ترتيل,F
زيس,F
عبالجواد,M
عداوى,M
خليف,M
دردرير,M
الرعد,M
اشمونى,M
اشموني,M
ذكرا,F
قريوى,M
عندليب,F
فاروز,M
بركه,M
ايمان,M
طامي,M
ريحانه,F
عطايلله,M
غازى,M
ميكائيل,M
ابوقيله,M
اللافى,M
بانوه,M
عبداللطف,M
انورين,F
بنان,F
جويريه,F
روال,F
مشرقي,M
عيناء,F
لوجينا,F
ليالى,F
حناوى,M
نعم,M
هان,F
زاده,M
تميم,M
برتله,M
وسيلى,M
باسيلي,M
كيفن,M
امنون,M
الشيمي,M
نورسين,F
خديوى,M
مللك,F
همسه,F
زانا,F
بوزان,M
رموك,M
محمود,F
كاميران,M
افوميه,F
جوانه,F
راعوث,F
سميوت,F
شنوده,F
فرنيكا,F
فورينا,F
كرستا,F
ظهران,M
كريستى,F
مقاريوس,M
بموا,M
ملقا,M
دماديوس,M
ضبيع,M
عجابيى,M
مسيحه,M
استريكا,F
باغوش,M
ميرهم,M
هلتر,M
بؤاد,M
غنوم,M
ماجدى,M
عبدالملام,M
ذكره,M
احد,M
خطيرى,M
محمدالمهدى,M
ذاحمدذ,M
محمدماضى,M
حبب,M
عبادالدين,M
كريمو,M
حساسين,M
عوني,M
سامير,M
قدري,M
القطشه,M
أحمد,M
عبدالثالوث,M
عبدناصر,M
عبدالجلبل,M
عبدالقهار,M
ميره,F
اسامى,M
جويلى,M
شحلته,M
الديم,M
عبدالفهيم,M
زاخرنوس,M
رضيه,F
المجد,M
الشاذلى,M
عيدالعزيز,M
ذايد,M
عبدالروف,M
زيزى,F
ريدي,M
نقراشى,M
خمدى,M
محمدالجبالى,M
غادة,F
المالك,M
المنجى,M
خليفة,M
فادية,F
العال,M
الكافى,M
الحكم,M
الحى,M
الصمد,M
سعدالله,M
المجيد,M
نبيلة,F
العاطى,M
السميع,M
المعطى,M
السلام,M
صمود,F
بسمه,M
طناس,M
نيلى,F
مطراوى,M
الملاك,M
العليم,M
جهلان,M
الجابر,M
نورالهدى,F
اذان,F
عبدالمطلوب,M
معزوز,M
اسما,F
اليسيا,F
معبدسليمان,M
انديرا,F
غاندى,M
ايتن,F
وجيد,M
ترفينا,F
زهدي,M
ثيؤدورا,F
محمدصلاح,M
رستم,M
رومياء,F
قشيري,M
زواتى,M
مارستا,F
وسمن,M
عصفور,M
محمدنصر,M
ميراف,F
رؤوق,M
اهله,F
برسكلا,F
بريسكلا,F
تريزا,F
رئيفه,F
مايدى,F
الكسان,M
بستكلى,M
محمدعبدالحميد,M
استفين,M
طرخان,M
العيسوى,M
اللَه,M
امان,M
فصيحى,M
الدرملى,M
لوزه,M
شناوى,M
متوشلح,M
الداكر,M
درباله,M
محمدفتحى,M
محمدفؤاد,M
اتهم,M
دغار,M
العمده,M
عبداللَه,M
احمدهانى,M
زياده,M
عطار,M
نعوم,M
مدحث,M
السفاوى,M
زغيب,M
كبرلس,M
محمدسمير,M
غا,F
ليه,M
معبداحمد,M
نمس,M
هدؤ,F
برشومى,M
بردويلى,M
سمبر,M
قدوس,M
اوسانيا,F
ريبعى,M
بياتريس,F
عبلدالرحيم,M
بشررى,M
هانئ,M
فرنسا,M
سنيوره,F
لافنيا,F
رؤفائيل,M
سدارى,M
شمعون,M
سبيل,M
الراوى,M
بيجيمى,M
جوفانى,M
طنجر,M
اخنوخ,M
الاحنف,M
باييس,M
صموئبل,M
طباعه,M
فالمون,M
رودا,F
يونا,F
بيير,M
بربتوا,F
زارع,M
شبانه,M
عجاج,M
سمعت,M
حسا,M
نين,M
برسيس,F
بركه,F
ابوقير,M
روزينا,F
بطاح,M
ادورد,M
زوات,F
فرحانه,F
شكيب,M
نصرالله,M
مبرنا,F
قطا,M
رأ,M
فت,M
"ميرنا	",F
"فضل	",M
ابوالزين,M
فلتاوؤس,M
الضلف,M
رايد,M
ديماس,M
باهور,M
خشيت,M
قسطندى,M
سمور,M
ملقه,M
سالمان,M
ابورحاب,M
انشر,M
معمر,M
بهيه,F
زين,F
منظر,M
شمعه,F
مريه,F
بدالحميد,M
عبالمجيد,M
محمدرحب,M
فاتح,M
سا,M
لم,M
محمدعبدالله,M
شحا,M
ته,M
المجاهد,M
شديد,M
عبدالو,M
هاب,M
فا,F
طمه,M
ما,M
جد,M
سعدواى,M
نيارا,F
يو,F
ستينا,M
حفطى,M
يسريه,F
ياقوت,M
كا,M
مل,M
ملتجى,M
واثل,M
سمسم,M
ظايط,M
طا,M
رق,M
عبدالتو,M
اب,M
عطفت,M
هند,M
اوى,M
ابر,M
الين,M
دنبا,F
زناتي,M
مكاسب,F
زهري,M
هويمل,M
ايويكر,M
عويمر,M
عبدالمبدي,M
حسانيين,M
مناور,M
باسيلى,M
فوقى,M
عنترا,M
عبدين,M
شوبان,M
بدين,M
امجاد,F
ايره,F
صفوه,M
شحانه,M
ظنى,M
قابول,M
فتيان,M
غنا,M
مجد,M
نعناع,M
الحمامى,M
مخمير,M
ابواليسر,M
صرمان,M
روبيلى,M
مشعل,M
حرم,F
برقي,M
صهيون,M
وهب,M
محمدرفاعى,M
ابوحسيبه,M
حقيق,M
كتان,M
بسالى,M
محمدناجى,M
محمدعصام,M
فهيمه,F
تمترى,M
فيليم,M
يايرس,M
شبراوى,M
سيناء,F
معالى,F
عبدالرحبم,M
رسميه,F
لقيه,F
وداد,M
يبانى,M
هيشام,M
اَلاء,F
رابى,M
بارزينا,F
عزيزالدبن,M
وقفى,M
ابوصغير,M
اسماعييل,M
وهاب,M
بسطاوى,M
عظيمه,F
راعى,M
ابوالحمايد,M
الفضل,M
قرش,M
الشعرانى,M
افيت,F
حنيه,F
قمرات,F
كريه,F
فيظ,M
العز,M
داهش,M
رائده,F
عزرا,M
شفيقه,F
فانا,M
ناورز,M
سريانى,M
ماردونا,M
ابوالطراطير,M
الوفا,M
ساري,M
عبدالفادر,M
فرنوانى,M
واسق,M
مرندا,F
اليه,M
معانى,F
اليمين,M
الحمايد,M
كرولس,M
عبدالرب,M
راشدان,M
الجناينى,M
جناينى,M
عقيلي,M
اصلان,M
زينى,M
رضى,F
ابوبريق,M
بدراوى,M
توكال,M
سبيعى,M
مظنى,M
الليف,M
الاريا,F
جلوجى,F
طير,M
شمشون,M
السعد,M
فوقيه,F
كريشه,M
وسيله,F
طيب,M
مجمد,M
عبدالفاضل,M
معدن,M
د,F
نيا,M
رودى,F
تاجح,M
لندا,F
مشنب,M
بعزق,M
عشيري,M
ضاوى,M
اثيبه,F
غويل,M
مشالى,M
حكمه,F
را,F
نا,M
عرفه,F
واجد,M
ممتثل,M
وجيهه,F
ازلى,M
منسوب,M
صياح,M
شيبون,M
حظ,M
معبدحسن,M
عببد,M
المنطلب,M
وزيرى,M
درديرى,M
زعيم,M
اربسينا,F
مارتينه,F
فابق,M
نابليون,M
عيدالوارث,M
كبر,M
فكتوريا,F
اليوس,M
تفيده,F
موعود,M
رءوف,M
انبيا,M
سابا,M
استيفين,M
شاربيم,M
بونيه,M
كلام,M
رهيف,M
اسخرون,M
وايز,M
موريد,M
باسيليوس,M
ادب,F
شهام,M
دكتور,M
شكلى,M
خلودى,M
عبدالعظيمم,M
محرس,M
عبدالحمبد,M
طارف,M
محمدالدمرداش,M
شاور,M
روميدا,F
زهيره,F
بحران,M
قنعان,M
حســــــام,M
جهينى,M
خالــد,M
اسماغيل,M
سروجى,M
رولينا,F
ليزداشير,M
جيسون,M
طوس,M
نتاج,M
ابتهاج,F
خورس,M
حاضر,M
يسطا,M
ريحات,F
سماره,F
عابر,M
محمدحسنى,M
روبين,M
درياق,M
عون,M
مغيب,M
الساعدين,M
بنداره,M
معنوى,M
لوزا,F
تيرو,M
بنزيون,M
رمانى,M
الدبو,M
براد,M
عبدالاه,M
مغازى,M
علشور,M
ليله,F
مبدى,M
يولا,F
قزمال,M
سيلفر,M
قرنفيلى,M
ابوخطوه,M
راقى,M
عزره,M
غندر,M
نتالين,F
ندرين,F
باندى,M
مايوريكا,F
اغادير,F
برايه,M
رانيم,F
رانين,F
برزى,M
جوليانا,F
نورين,F
اغا,M
بندر,M
حسيبه,M
عبدالحافيظ,M
قسام,M
شمرون,M
الكاشف,M
خطيب,M
درملي,M
روفلئيل,M
درديربدوى,M
جزيره,M
طريف,M
مشرفم,M
ساميح,M
ليسكو,M
بستفروس,M
صحصاح,M
ريد,M
لوزى,M
جوزبف,M
سنان,M
فرويس,M
فينى,M
البغدادى,M
ضورار,M
احمدمختار,M
رومى,M
فليته,M
حزقيال,M
ؤياض,M
فليم,M
حاروس,M
مليك,M
حتس,M
خضراوي,M
دايفيد,M
جنتلمان,M
روفائبل,M
سويفي,M
كلارك,M
عاجل,M
فرايم,M
ماكن,M
سايح,M
رسل,M
ماتوشالح,M
تودير,M
اّيه,F
جانو,F
عبداتواب,M
رابحه,F
اصيل,M
جناح,M
عبدلحليم,M
عبدالعطى,M
زهزه,M
ممصطفى,M
مندو,M
مارسيلينو,M
ثويبه,F
درملى,M
جلاء,M
الباشا,M
حريشي,M
درامللى,M
مورينا,F
رابين,M
حريش,M
حميل,M
نزبه,M
تغرير,F
قطابى,M
كترين,F
عبدالراضي,M
عزتلى,M
اصيله,F
عسقلاني,M
مزمز,M
علا,M
عبدالمغيث,M
المامون,M
عبدلرشيد,M
لويذ,M
ابنسام,F
اعتدال,F
دماس,M
عزارى,M
منسي,M
انايسمون,F
عمدان,M
بوعذ,M
لوندي,M
عزرى,M
تناغو,M
استطفانوس,M
دونيا,F
حنالله,M
رين,F
سارا,F
سومه,F
تناغي,M
شيلوميز,F
لابان,M
فيفان,F
لبان,M
لظيم,M
لوئيس,F
لورينا,F
بوعز,M
اختيار,M
كنعان,M
نتعي,M
ماقى,F
زخطوط,M
يمن,M
مناسى,M
شروبيم,M
بندي,M
لوريس,M
وسلينه,F
شامل,M
عدلي,M
راوبين,M
يوسق,M
انسيمس,M
اوشام,M
سليدس,M
رحبعام,M
كندى,M
كتكوت,M
مزيد,M
غمرى,M
حناالله,M
رافى,M
بهاج,M
لمبو,M
عدراوى,M
نادير,M
شاول,M
جحرود,M
فيلمون,M
زرعي,M
قسطنجي,M
عذاري,M
نايه,M
بالي,M
محفوض,M
رزقالله,M
شمام,M
شكور,M
ندي,M
عقيلى,M
انا,F
احمدغريب,M
سنبه,F
كاترينه,F
فلتاؤس,M
سانيوس,M
فرمن,M
ميمونه,F
ابوسفين,M
كاتب,M
سوستانيس,M
عبدالمجلي,M
لحظى,M
حفظي,M
متيوس,M
غرباس,M
جورجيه,M
وزيس,M
ورمس,M
فكيوس,M
الويس,M
اغرباس,M
راؤف,M
عبدالمفيد,M
مفيده,F
كلوبا,M
سوارس,M
الوين,M
حارص,M
جبرا,M
فيرلند,F
لوريسا,F
روس,M
مارجو,F
سيجفر,M
يحنس,M
راؤوف,M
روابين,M
اريانوس,M
فضلله,M
لكسان,M
لويد,M
زهجر,M
مبلاد,M
مرقوريوس,M
شكيم,M
دوابه,M
شقالله,M
ازيس,F
مريانس,M
باسيلوس,M
صابور,M
بهجه,F
جمال,F
عبدالهلال,M
جلبي,M
لوزا,M
روماندا,F
مستقيم,M
ازنهور,M
تلب,M
طالع,M
جبا,M
كارتر,M
دفش,M
تلكه,M
حرزالله,M
بسكالي,M
غبره,M
عزاريا,M
ناظير,M
متريوس,M
فيفو,M
خزين,M
مقدسى,M
كلاووس,M
يؤانس,M
دلفى,M
ورد,M
محمدفكرى,M
سكره,F
مارفيل,F
لبس,M
عراندس,M
ياقوت,F
محمدالعشماوى,M
مندي,M
القناوى,M
خلفه,M
العشماوى,M
مجيب,M
كارلوس,M
محمدشعراوى,M
مر,M
برهانى,M
اسيمون,F
اشتياق,F
فرياقص,M
الكس,F
جاكين,F
نعمام,M
جرمين,F
مقابل,M
مبرك,M
مردخان,M
عسله,F
بلاشون,M
توسن,M
ملطي,M
بادى,M
فنتر,M
كيرلص,M
فرانسيس,M
موجود,M
توفيليس,M
يسه,M
ميساك,M
سكله,M
سبالوس,M
لورين,F
امونيوس,M
سان,M
سيرل,M
واسيم,M
مارتيروس,M
ايلاريون,M
ساروفيم,M
عجمي,M
اسكوندس,M
ابشالوم,M
قرقاقص,M
دهمان,M
مقعود,M
ابوزايد,M
قط,M
محمدعباس,M
ابوالمعاطي,M
جمالالدين,M
عشمالله,M
عبدالعاال,M
عرىى,M
ابوزبد,M
معطى,M
بدى,M
عيس,M
خاف,M
تاغى,M
ابوحنين,M
شاهرالدين,M
عبدالخالد,M
نفير,M
بواب,M
المراغنى,M
ميز,F
معبدمرسى,M
محسوب,M
نابيل,M
شلوفه,M
لفيا,F
فيلو,M
قلاديوس,M
خلبل,M
عبدالصانع,M
معبدعبدالمالك,M
منيب,M
عزميه,F
عسوي,M
شعلان,M
رفقى,M
فريجه,M
مأمونى,M
عبداللرشيد,M
استنيس,M
مهيوب,M
معانى,M
سمهان,M
فلفل,M
فكيه,M
سامين,M
زكربا,M
رامونا,F
وهدى,M
وجهى,M
ترتيب,M
رباح,M
وهدان,M
ندين,F
هيسم,M
عبدالمجلى,M
محمدهشام,M
سقاو,M
هدايا,F
معبدابوزيد,M
جميلد,M
عبدالهادئ,M
ريده,F
لاظ,M
شاه,M
عبداللمالك,M
عبدالمطيع,M
عبدالعنى,M
يكر,M
معبدعبدالله,M
حام,M
سيبويه,M
رودينا,F
ساميا,F
ابوجامع,M
فليت,F
احمدالبدوى,M
هان,M
عريف,M
ابوالعنين,M
عقوب,M
اروا,F
عبدالرقيب,M
عبدالمحى,M
تقوه,M
بيه,M
عبدالمغني,M
اّدم,M
فدوه,F
غبدالرحيم,M
منز,M
عاشيرى,M
الملك,M
يهى,M
جوهرى,M
سابق,M
استيفون,M
محمدجميل,M
وسليدس,M
عاطر,M
عبالحميد,M
تيطس,M
زيلون,M
عيدالمنعم,M
عواض,M
طباع,M
معداوى,M
الامبر,M
بهدال,M
الاول,M
سمار,F
فكرات,F
نوهان,F
سائب,M
شامه,F
نوار,F
عطوى,M
تناظر,F
سرتيال,M
كاترن,F
جو,M
زعفان,M
بخيته,F
شحتوت,M
سبيع,M
طوبه,M
بى,M
نقى,M
مشابط,M
قوى,M
حد,F
ثبوت,M
عين,M
سمحه,F
دهانى,M
نعاس,M
منثى,F
نعمات,M
دهماني,M
مفادى,M
مستور,M
جروش,M
ابوه,M
ميفن,F
بهيجى,M
روفيه,M
قتحى,M
رانبا,F
كنى,M
سار,F
ه,M
شاطر,M
مرداشى,M
قبيلى,M
عزه,M
راكان,M
جادالمولي,M
علاالله,M
معز,M
ابوالجبال,M
حجر,M
ابوالحبال,M
اعمارى,M
عيساوى,M
ابوزكايب,M
الختمى,M
محمدجابر,M
زولجى,M
عدروس,M
لؤلى,M
بقيعى,M
شاكيب,M
جاوى,M
كزم,M
عبدالشكؤر,M
عبدالتاغى,M
مبصر,M
فورتنيه,M
حمديه,M
ايلاء,F
جسن,M
عادلى,M
بساط,M
المبى,M
عاشورى,M
حارس,M
شرانى,M
بهيجه,F
عبدالشاكر,M
بهائى,M
احمدحلمى,M
قابيل,M
سهيم,M
مزاج,M
تحسين,M
حجاب,M
زكيه,F
ابوالعرب,M
رضه,M
نحمد,M
اهاب,M
الستار,M
نوناي,M
اغاثون,M
زقلف,M
جمدى,M
هتاء,F
معبدعبدالرازق,M
عامرناجى,M
معبدعلى,M
كايد,M
بياضه,F
جفلان,M
شجيع,M
ساوى,M
نجيم,M
فجرالاسلام,M
عبالمنعم,M
ابوعريبه,M
وريت,M
عبدالرخمن,M
ادريه,F
سلامه,F
عادلي,M
محمودالقاضى,M
عبدالكبير,M
مساوى,M
عطايا,M
زوق,F
سويرى,M
سلوم,F
حمزاء,M
وزيره,F
مشادي,M
ارنس,M
ابوغدير,M
عبدالصليح,M
غرياس,M
لوله,F
ابوالمواهب,M
محمدهانى,M
جهمى,M
هايكن,F
العرينى,M
عبدالحيكم,M
عبدالناجي,M
معاذالعرينى,M
سيداحمد,M
ابراهييم,M
عامرعمده,M
محممود,M
حميحم,M
افيد,M
عدالحميد,M
الحاظ,F
برايا,M
تمنى,F
عبدالماللك,M
حيص,M
بيسم,M
يثا,M
رغدان,M
ريس,M
غرباوي,M
بيرم,M
فتوخ,M
دراملى,M
قرشي,M
سمان,M
رسوم,F
نيازي,M
سامحى,M
نديره,F
رمون,M
عبدالصالح,M
عزتلي,M
ضو,M
جيلاني,M
محمدايمن,M
ابوالاطرش,M
سجا,F
نانى,F
عبدالاول,M
فهممى,M
محمدعبدالرحيم,M
سيفيان,M
امين‏,M
دريه,F
شدوى,F
بقوسي,M
بريكه,M
دمرى,M
عبدالشافى‏,M
النور,M
عيدالباقى,M
زخروف,M
عوام,M
عتاب,F
خيرت,M
ابوعريف,M
عبدالأول,M
سكندس,M
هلاوى,M
عبدالمريد,M
عبدالقادز,M
سيهام,F
شموع,F
عثملن,M
جلاتينه,F
قصيبه,F
لورانس,F
قمحاوى,M
داش,M
عبدالشفى,M
بهنسي,M
نصحي,M
دشت,M
شخلال,M
ابوقاسم,M
علون,M
مخطار,M
عبدالمرتضى,M
عبدالطاهر,M
الباسل,M
عبداللذى,M
الزهيرى,M
ملكى,M
ريلض,M
كرستيان,M
الضاوى,M
عبدالجلي,M
وقاد,M
رجات,F
عبدالحارث,M
حجو,M
ابوريس,M
ابوربى,M
سمبحه,F
ساطان,M
سربانه,M
شرشال,M
ماديو,M
عبدالساتر,M
بريئه,F
دوله,F
الفت,M
ابوحطب,M
ابوسديره,M
بكارى,M
فندي,M
مرزه,M
الياسين,M
مزبون,M
ذاكر,M
فهلوي,M
انطوان,M
ابوراجح,M
صاموئيل,M
فريدى,M
حمدين,M
فهلوى,M
لقى,M
مور,M
"	",M
باكت,M
مجيده,F
منتصف,M
زراعى,M
بيدق,M
ابومرسي,M
ابواليمن,M
غبدالكريم,M
كرمين,F
رجاه,F
كردى,M
بهجى,M
فيلوبانير,M
تونه,M
وارد,M
دنيا,M
ابوالدرداء,M
عهود,F
نصفى,M
احمدسالم,M
شحرور,M
عبالحكيم,M
عبداللهى,M
شافع,M
مذيون,M
عبدالعالم,M
ملاحظ,M
عزقول,M
بشاير,F
بحيح,M
مجلع,M
مممدوح,M
فجرى,M
عبدالوهيب,M
مصطف,M
سجيع,M
ثنيه,F
عساوي,M
رويدى,M
مغامس,M
فراوله,F
عاصف,M
بمباوى,M
لوثر,M
عبدالجكيم,M
سكت,M
عربي,M
مسلن,M
عبلدالنظير,M
عمرالفاروق,M
راهب,M
ادفاوى,M
ميدو,M
عزقلانى,M
خضرراوى,M
بحيره,M
حبر,M
ارمس,M
قمح,M
عبدالوحد,M
صنع,M
نصوح,M
نديه,F
السدات,M
عقال,M
مزهجر,M
دريدي,M
محمدالكحلاوى,M
عبدالمناف,M
نص,M
شيبا,M
لفظى,M
مديح,M
محمدصبرى,M
ملوك,F
محطاوى,M
داعى,M
السايح,M
ابوالهيجات,M
عسقول,M
عبدالمهين,M
فاكر,M
عممرو,M
مطحطح,M
ابونوير,M
صيفانى,M
اسناد,F
زوق,M
خراشى,M
الظريف,M
عبدالمقتدر,M
عنتره,M
صاري,M
فكره,F
فرعون,M
عبدالبار,M
محمدصفى,M
رواع,M
قريشي,M
غضان,M
سفير,M
تاوفيلس,M
ابونصير,M
مزاد,M
سويحه,M
لاوى,M
زهان,M
عتاب,M
يوافيم,M
حلفايه,M
حلوي,M
سريان,M
مارنيه,F
زعتر,M
محقوظ,M
عبدالموجو,M
صفر,M
نوير,F
زنا,M
عبدالديم,M
محمدالنادى,M
افريم,M
سميرى,M
صيره,M
سباويه,M
سهلى,M
تكال,M
سداروس,M
محمدابوالفتوح,M
محمدزكى,M
جعوير,M
عسيرى,M
عقاد,M
الحافظ,M
صبري,M
زلوم,M
جدام,M
صبرين,F
لميا,F
محمدرجاء,M
خليفى,M
صابات,F
حنونه,F
كفايه,M
طحطاوى,M
السجرى,M
ابوالهلايل,M
اصمعي,M
مدنيه,F
يو,M
سف,M
بح,M
السيدحمدى,M
ذاخر,M
سداروى,M
سدرا,M
ايسر,M
سعد,F
الهنا,M
عبدالخفيظ,M
معبدعلي,M
عبداليديع,M
نتعيه,F
نشأه,M
اللطيف,M
"الكريم
",M
التواب,M
ضايع,M
الظاهر,M
"يحيى
",M
مصطفى حمدى عبدالناصر محمود,M
الحفيظ,M
المقصود,M
"الجليل
",M
"لبيب
",M
محمودمحسن,M
منتهى,F
محمدعبدالباقى,M
ابوبكرايهاب,M
عبدالجابراحمد,M
احمدجمال,M
تعيلب,M
زمزم,M
رضاء,M
عدوي,M
السعدي,M
العدوى,M
لؤا,F
الأزهري,M
الرفاعي,M
زنونى,M
الجبلى,M
التلب,M
هنداوي,M
عقباوى,M
ابوفاخره,M
اهيم,M
فهدى,M
مكايد,M
صديقه,F
متحد,M
عند,F
المنبي,M
شقلوب,M
عربيد,M
مناصير,M
العابد,M
العبدحفنى,M
عقاب,M
تعلب,M
رسيم,M
مشرى,M
غيته,M
نايض,M
بطل,M
الجلفى,M
ابوشليته,M
بسيطه,F
بندور,M
كيشار,M
شجاع,M
توفيقه,F
سوعيد,M
ممبى,M
العمران,M
الخياط,M
منقطنى,M
بشبر,M
محمدمحى,M
الشريعي,M
الشريعى,M
ابوالمعاطى,M
كربم,M
الزيرسالم,M
جدامى,M
السواح,M
روضى,F
الجنيدى,M
الMى,M
تادى,M
افكرين,M
مسرى,M
القاضي,M
ر,F
يهام,M
قبيص,M
رجوى,F
سبله,M
بسيس,M
سمياء,F
السيدالبدوى,M
النابغه,M
الريدي,M
التايب,M
ربيعه,M
محمدنجاتى,M
مرتاح,M
فتاح,M
ابوهوله,M
حتيته,M
انيسمون,F
راوه,F
ابوشوك,M
لوره,F
عبداجواد.,M
سونا,F
ساعى,M
محمدحسانين,M
حاملين,F
صبيح,M
عبدلنبى,M
الضبعى,M
منبر,M
جبيل,M
اشليل,M
رشا,M
النعمان,M
طيف,M
ابوعونه,M
رعد,M
انفراج,F
العبدجوده,M
طاهره,F
اجبالى,M
شليل,M
قرج,M
تلا,M
عوامى,M
ابوالهنا,M
عبودى,M
جلول,M
الطحاوى,M
متيبت,M
النايص,M
معبدضيف,M
عبدالفنى,M
النص,M
بسطاروس,M
جسيكا,F
حمدين,F
روضا,F
سمون,F
شفيف,M
الترهونى,M
هنتش,M
منطاع,M
عشني,M
مطيع,M
مهيدي,M
جاير,M
رمضام,M
مغنينى,M
شرابى,M
قروانى,M
طوغان,M
مسموع,M
توبه,F
شهندا,F
سمرات,M
نورمه,F
حامدعبدالحميد,M
اميه,M
عبداالرحمن,M
ابوشليه,M
عطاء,M
ارضا,M
صوفه,M
دلع,F
الشريم,M
البر,M
بديوى,M
الحسانين,M
مفرج,M
مرغلى,M
الغيث,M
يزل,M
الشحات,M
افكار,F
سغد,M
محمدالهادى,M
شمرول,M
شمردل,M
مسعده,F
العطفي,M
الشارف,M
شردوح,M
الصيفي,M
العشنى,M
دعدوش,M
تماوى,M
الجبالى,M
ذغبى,M
مشاعر,F
مضشاضى,M
داؤد,M
رواق,M
بكار,M
القلا,M
مقيدم,M
البقوشى,M
بسراوى,M
الساكر,M
رويضه,F
الصابر,M
الجالى,M
شمياء,F
الدبولى,M
سهرى,M
امال,M
بيبرس,M
فتوح,F
بيبى,M
معبدعبدالوهاب,M
نمير,M
حنبولى,M
ابوجليل,M
فضيله,F
ملزم,F
ابوعجيزه,M
جبرانى,M
ابوبكرعمران,M
شافى,M
حويل,M
هديله,M
جب,M
عببدالجواد,M
ابوالبهجى,M
عرب,M
فاوى,M
زهدى,M
مايفين,M
راوف,M
اولجا,F
خالى,M
جلورى,F
جوفانا,F
جويسى,F
روشان,F
رونه,F
سامراء,F
سليفيا,F
طيف,F
فانا,F
فكريه,F
شارود,M
مارتى,F
ناسولان,M
مرتكى,M
فاايز,M
ناتلى,F
نزلاوي,M
دان,F
بابونى,M
روزلين,F
الششتاوى,M
لؤنيس,F
بانوى,M
نسائم,F
جياب,M
عبدعبدالغنى,M
كورلس,M
اساعيل,M
رودلف,M
السيدمحمدمكين,M
صفتى,M
بور,M
الماظ,M
ابوصباح,M
المنصور,M
المؤمن,M
بازيد,M
جاسمن,F
القاضى,M
رومانس,M
ستيفانى,F
رفاء,F
ساجده,F
حته,M
العين,M
دهشور,M
محمودعبدالعال,M
ابوالعزائم,M
احمدحسن,M
علمر,M
صباحى,M
دبلع,M
الشفعى,M
غرياني,M
الزيادي,M
محمدحسين,M
بيره,M
عيدالفتاح,M
بسطاويسى,M
الجهمى,M
احيد,M
لوزه,F
القاياتى,M
مغازي,M
ابراء,F
انتسال,F
حفظه,F
حسبالله,M
عدل,F
شكرانى,M
غصوب,M
ااحمد,M
هيبت,F
كرمات,M
معبدالجهمي,M
التهامى,M
وفى,M
شعبا,M
ن,M
محمدانور,M
صاير,M
قوضى,M
جابالله,M
حملى,M
التابعى,M
مجسر,M
كسروى,M
عصوه,M
المقداد,M
جلوى,M
طالح,M
عبدالعظبم,M
مقدم,M
شلوف,M
منجود,M
شعلا,M
عزى,M
الظايط,M
شتا,M
عبدالرحمان,M
صفاءالدين,M
غرزالدين,M
حياة,F
خطوه,M
رفل,F
زاهي,M
منصوره,F
زيادي,M
نجاة,F
سميع,M
هور,M
الدماطى,M
غفاري,M
السيدعثمان,M
القوضى,M
حندله,M
ابواليازيد,M
التوني,M
الزنونى,M
ابوالكرمات,M
الزيادى,M
شاميه,F
شمه,F
القرشى,M
ابرراهيم,M
وجينات,F
ياسمبن,F
عبدالمبدى,M
التعلب,M
انورنعاس,M
جوكندا,F
غفران,F
فكيهه,F
محمدعرابى,M
عنطر,M
الشلقام,M
عطيفه,M
سويرس,M
ابوحمده,M
جيانا,F
الباقي,M
ابوحميده,M
فضالى,M
تفاوي,M
هديوى,M
حيات,F
كثروى,M
ابوغنبمه,M
الوفدى,M
اشواق,F
هنطش,M
ندا,M
السارى,M
زكرا,F
فاخره,M
نشوان,F
بهيدل,M
بطران,M
كرم,F
نورالله,F
زيتون,M
تادورس,M
مبده,M
زاتون,M
الفتح,M
نوفير,M
طلحه,M
القوى,M
رفا,F
ندي,F
عبدالمعنم,M
نحاتى,M
صبور,M
خلافا,M
انيسيمون,F
كرمه,M
بشتلى,M
عبدمجدى,M
العبدكامل,M
ارشاق,M
مارسلينو,M
المتولى,M
ري,M
يسري,M
زاغب,M
ابودكر,M
عببيد,M
شناوي,M
مقاوي,M
اثار,F
شميى,M
تسيمون,F
ميصائيل,M
فورنيا,F
فيرويت,F
فلويز,M
وعد,M
لبن,M
نسيمون,F
ايسم,M
خليصى,M
لياس,M
خرستوس,M
فليفل,M
موندى,M
شويل,M
رينال,M
جلوي,M
الس,F
بلسان,F
رافع,M
ملعب,M
صفطى,M
عيدى,M
نورما,F
ابوالجواد,M
نوبار,M
راجوه,F
منادى,M
مشهندا,F
جدمى,M
رزقين,F
سنده,F
عبدالمهدى,M
كارمن,F
انتصار,M
توسم,M
محدالصغير,M
محمدعنتر,M
محمدفهمى,M
بسينه,F
علباء,F
الدريمى,M
جهام,M
المسلمانى,M
محمدعبدالجواد,M
الجمل,M
محمدكامل,M
احمدجمعه,M
محمدعفت,M
احمدعصام,M
عبدالررحمن,M
السنوسي,M
ابارهيم,M
نزير,M
ميتخطرى,M
السيدذ,M
عبداالوهاب,M
مرهون,M
زامل,M
الهانى,M
حتشبسوت,F
البشتى,M
زيزان,F
لحام,M
قرشلى,M
بشتى,M
ابوريشه,M
الدرى,M
الزنفلى,M
عدالوهاب,M
البهنساوى,M
ابوالمى,M
عبدالرازاق,M
الحلبى,M
ابوطعيمه,M
شلش,M
نجود,F
محموداحمد,M
الكويس,M
ابلاريه,F
راسيلداس,M
هنصر,M
روميل,M
اغمارى,M
شملول,M
قاسى,M
لنقط,M
صلحى,M
عطاف,M
استشهاد,F
امتثال,F
عبدالشواف,M
لولا,F
احمدالشافعى,M
عبدالمول,M
وفقيه,F
كرامات,M
ابوزوبع,M
جاكير,M
مراجي,M
متخطرى,M
ميده,M
سبيق,M
ظروق,M
المرغلى,M
الهوى,M
الربع,M
هديهد,M
ابوعقوله,M
بقوشى,M
الجلوى,M
رمايسه,F
ابوشوق,M
كراميد,M
ء,M
اصلاح,F
ايـه,F
تفاحه,F
الروبى,M
الساوى,M
مــى,F
جـلال,M
ابوزيــد,M
عصـام,M
فـؤاد,M
يحـى,M
الانقط,M
خص,F
سهليه,F
الدخلى,M
بنى,M
فانيوس,M
الجلى,M
سلموس,M
امالى,M
رفوت,M
منيسي,M
امل,M
وذير,M
ابوطوق,M
ابوالنجف,M
الجارحي,M
الأمير,M
فرانس,M
طرزان,M
السويفى,M
ابوريه,M
ثمان,M
ابوعزيز,M
ضويحى,M
دانيا,F
طبيب,M
بسال,M
سيديوسف,M
سناره,M
مكه,F
نوبى,M
محمدبلاش,M
ابوالعلاه,M
ميرى,M
بيرلى,F
تداوس,M
سمحي,M
هجره,F
الصفتى,M
تدري,M
غنيمى,M
شيخون,M
سماره,M
الدرديري,M
تيام,M
ادولف,M
دبنا,F
دولفرتا,F
ابوالعيدعلى,M
مارو,F
عجيبه,M
مرجريت,F
ابوخضره,M
تلت,M
سيلمان,M
اورمان,M
اندارواس,M
بسله,M
يوئيل,M
السبد,M
بيتى,F
جانا,F
مونيا,F
عهد,M
البراء,M
اسرار,F
ابوالغيث,M
عرام,M
نائل,M
اليون,M
انجلكا,F
باترسيا,F
بفلى,M
ررضا,M
هلاله,F
احمود,M
معمار,M
اروشيد,M
الشوربجى,M
رسلت,M
قصد,M
ابوالعبدعلى,M
العبدابوزيد,M
كليفر,M
عئمان,M
ضمر,M
عبدالرحن,M
ثالوث,M
شزى,F
سواعى,M
تسم,M
طيشه,M
الدرديرى,M
اسوداني,M
عبداللأه,M
الماس,M
.حسنى,M
جيزاوى,M
مدني,M
عابدالله,M
عبدالواهاب,M
ابوستيت,M
معتزبالله,M
كسروي,M
العودين,M
هرمس,M
خديوي,M
حُسن,F
حويتى,M
علايلى,M
سوهيله,F
نصيب,F
مغاوري,M
دهروطي,M
الحادى,M
الأخضر,M
معبدعبدالفتاح,M
الكسروي,M
احمدعلى,M
الديوش,M
غزاوي,M
نصرى,M
ذهوه,F
غوديه,F
جورجويس,M
ترك,M
حارث,M
الجدامى,M
عونه,M
قصيى,M
محم,M
تقه,F
خزاعى,M
هاميس,F
يمني,M
حمال,M
فزع,M
شربجى,M
الغرباوى,M
واليد,M
عبدالاعاطى,M
نسناوى,M
سجود,F
نزهه,F
امر,M
الصغيرموسى,M
الاشهب,M
راحيل,M
طاليع,M
الشناوي,M
عبدالتعيم,M
لوهاب,M
معني,M
نويشى,M
معجب,M
العسيوى,M
جملات,F
محمدالهبيل,M
هريره,M
نفوسه,F
راشح,M
ارويده,F
رجا,M
واصفه,F
سعودي,M
دسوفى,M
ابونهار,M
نافذ,M
ابوعامر,M
مناوى,M
جهان,F
طيران,M
شبلى,M
ضاويه,F
مرتم,M
بلهاس,M
محمد-,M
اجلال,F
محروسه,F
شرنوبى,M
مىّ,F
برامل,M
مدنيى,M
عبالوهاب,M
نوها,F
مهندى,M
عطيفي,M
ابوالليف,M
عبد\اللطيف,M
لانا,F
ليشيع,M
اللسيد,M
فرنس,M
شعيشع,M
هايل,M
كرماوى,M
الدلايل,M
مصطقى,M
بديرى,M
بديري,M
ابوالدلايل,M
بالكريم,M
باهيه,F
ابورواش,M
قدوار,M
ذهور,F
وجدان,F
ميهرائيل,F
لمين,M
مجدوب,M
سنى,M
محمدثابت,M
لاجوده,M
ارزيق,M
الفتاح,M
سدن,M
رواش,M
جليدى,M
جليد,M
عيداحمد,M
قيس,M
رفا,M
مجدا,F
ابوحوش,M
غيث,M
هاشيما,M
مسميه,F
حثيثه,M
ابوهشيما,M
كذه,M
باز,M
خلفالله,M
مًعتز,M
بيداء,F
جوليت,F
تدروس,M
لاره,F
مارجيريت,F
خضيري,M
نريمن,F
نهاوند,F
حزيفه,M
رخيص,M
ميلانيه,F
ابوجريده,M
سلم,M
فرنسبس,M
ماريوس,M
يسطس,M
الدامى,M
ميسومه,F
الداتى,M
تيسر,F
ولا,F
قارون,M
سعودات,F
غنى,F
الغريب,M
شرشراوي,M
محرنجى,M
جولييت,F
حدود,F
رها,F
كعبه,F
مرين,F
منتياس,M
شوريف,M
هندرى,M
الا,F
ثروه,F
شلبيني,M
ذينب,F
تيجانى,M
ابوحامد,M
عبالعال,M
نيرمان,F
احمدالحداد,M
ديردير,M
عروج,M
عبدالرووف,M
شتات,M
بخات,M
يكن,M
محمدالدرس,M
حبلى,M
حمصانى,M
عفان,M
محمدكولا,M
حبللي,M
طاب,M
حلاوه,F
الشاطر,M
نلجح,M
اليمني,M
عونيه,M
عبدالمتعم,M
الأء,F
جلود,M
عبدالغتي,M
جبلي,M
شرشراوى,M
حنيفه,M
حميدة,F
ارماني,M
ايلارى,F
سارة,F
سوهيلا,F
عبدالصابرين,M
تعويضه,F
صبحيه,F
تفال,M
نمرى,M
حادى,M
عبدو,M
كاسب,M
باتريسكا,F
جوسيان,F
ماجدا,F
مرنه,F
احمدعادل,M
الغنايم,M
ابوجرابيع,M
اندريا,M
ابوجربيع,M
روماانى,M
تيماثوس,M
اولفت,F
لويفى,M
دحاب,F
دخل,M
بلعاط,M
رويعى,M
الراوي,M
عذت,M
عبدموسى,M
روماني,M
كترينا,F
طويس,M
حراجي,M
ضوي,M
الشربيني,M
هواري,M
ابومرز,M
خليدى,M
حارثه,M
سلاقوس,M
بدالعظيم,M
زهرانه,F
الغني,M
فهيد,M
عاهد,M
شلابي,M
جمعة,M
هادي,M
قويس,M
نظم,M
الشعراوى,M
الديسطي,M
خورشد,M
وفقي,M
دريمى,M
مغيره,M
نفاذه,F
جودة,M
ابوخيشة,M
عبدالموجود,M
حسام,M
ألكيس,M
البركوكي,M
العطار,M
حراز,M
رولان,F
زيد,M
خفاجي,M
مفرح,M
المعين,M
استفانوس,M
خيري,M
مينا,M
نورا,M
ويسا,F
ياسمين,F
حمد,M
صلاح,M
مصباح,M
مرشدى,M
رؤي,F
مريم,F
نعينع,M
يمني,F
سند,M
الجعفرى,M
حميد,M
دمين,F
سيد,F
روان,F
فريدة,F
عبدالرشيد,M
أدهم,M
ميخائيل,M
المطاوى,M
فؤاد,M
محمود,M
كروليس,M
ياسر,M
نجيب,M
كرلس,M
ريم,F
جون,M
فرح,F
جوري,F
نادين,F
نشوى,F
مراد,F
علاء,M
بشرى,F
جودة,M
طاحون,M
تغريد,F
أمنية,F
عشرة,M
الحليم,M
جيلان,F
انطونيوس,M
دعاء,F
الفارسكوري,M
شهد,F
رضوى,F
العزيز,M
الفضالى,M
الدكروري,M
الجمال,M
نورهان,F
شوكت,M
شموتي,M
زكى,M
الجداوي,M
بيتر,M
الحوساني,M
منال,M
النكري,M
ميرا,F
الطراوي,M
باكينام,F
عبدالهادى,M
مرسي,M
الرحمن,M
فرحة,F
الخميسي,M
القط,M
عبدالمطلب,M
بيومي,M
إنجي,F
مشرف,M
محمدين,M
رفقة,F
حجازي,M
ندين,F
قبيصى,M
عبداللاه,M
الشريف,M
حسناء,F
موبا,F
إسماعيل,M
شلبي,M
حياء,F
الرفاعي,M
رغد,F
عبدالدايم,M
تالين,F
ادهم,M
عبدالمنعم,M
امير,M
امنيه,F
سيف,M
الرسول,M
فاروق,M
إيناس,F
الحياة,F
نوران,F
سيرجي,M
مروان,M
بسام,M
ماتا,M
تالين,F
الكليش,M
المطاوي,M
الشناوى,M
أمل,F
لطفي,M
عبدالستار,M
البير,M
عبدالرحيم,M
نوبي,M
التميمي,M
ابوزياده,M
مختار,M
منصور,M
عبدالحميد,M
زغبي,M
موسي,M
عنتر,M
ندي,F
عوبيا,M
جنة,F
يمنى,F
الفضل,M
اياد,M
اسلام,M
حافظ,M
وجنات,F
الحافظ,M
طه,M
الحسين,M
جميل,M
عبدالحافظ,M
الطبي,M
عبدالسميع,M
الخير,M
النصر,M
حمزه,M
صادق,M
البنداري,M
إيفون,F
كورات,M
ساره,F
الصمان,M
صوار,M
ساويرس,M
مهرائيل,F
العباسي,M
الباهي,M
الكيس,M
نوارا,F
ياقوت,M
رمسيس,M
خليل,M
قابيل,M
همام,M
ميلاد,M
حلوجي,M
الصابر,M
حامد,M
شامه,M
مالك,M
مصطفي,M
رافت,M
متولى,M
أريك,F
بسمة,F
مرقس,M
اية,F
الإمام,M
الفاروق,M
فرّاخه,M
مازن,M
ميار,F
يونس,M
خديجة,F
آسيل,F
الشاذلي,M
الشافعى,M
شعبان,M
صبرى,M
راشد,M
بدوي,M
عفيفي,M
توفيق,M
سليم,M
الفرماوى,M
السعودي,M
حفناوي,M
ابو,M
النبوي,M
عبدالحي,M
عبد,M
فائز,M
هيثم,M
نور,F
النهراوي,M
نسيم,M
حسن,M
غرس,F
زغلول,M
كامل,M
آية,F
رضا,M
عريضة,M
اليزيد,M
ناصف,M
هلال,M
رينا,F
هانئ,M
سارة,F
سيد,M
صابر,M
رحاب,F
الحسينى,M
ويفر,M
ريه,F
كيرلس,M
أشرف,M
زكريا,M
صفوت,M
فاتن,F
خاطر,M
العظيم,M
عطيفى,M
امام,M
برتي,F
هدية,F
شلباية,M
مارينا,F
حبيبه,F
حميدة,M
جعفر,M
همس,F
العدل,M
ماجد,M
انتصار,F
النادي,M
شاكر,M
ندى,F
ايمان,F
النبى,M
شلبى,M
منصور,M
ثابت,M
خورشيد,M
زايد,M
هاجور,F
أحمد,M
الرياني,M
جدالله,M
أبوحطب,M
نانسي,F
الطنطاوي,M
السعيدي,M
هيلايل,F
قاعود,M
منيب,M
بشرا,F
حسونه,M
حلواني,M
النبي,M
فيصل,M
الخالق,M
قطب,M
حطاب,M
خلود,F
مونيكا,F
هبة,F
مايكل,M
جاستن,F
قنديل,M
ميران,F
خلف,M
منزاع,M
غفران,F
أنطونيوس,M
فدوى,F
خميس,M
محارم,M
نجدى,F
نسما,F
نعمة,F
هند,F
مريهان,F
الاء,F
زهران,M
أشرقت,F
وهبي,M
أسامة,M
عكاشة,M
أسماء,F
رأفت,M
مروة,F
دوابا,F
حسنين,M
رائد,M
وائل,M
الهريجى,M
احمد,M
سامح,M
مسعد,M
تريزا,F
سليمان,M
مي,F
فريحه,F
عباسي,F
لبيب,M
عباس,M
محيي,M
چويرية,F
ضيف,M
العدوي,M
وسام,F
عبدالمغني,M
عطيفي,M
نهي,F
اداريه,F
أنور,M
صفاء,F
رانيا,F
سلامة,M
الحضري,M
روماني,M
رجب,M
رمضان,M
العجمي,M
عرفة,M
علياء,F
وجيه,M
علي,M
عزيز,M
جامع,M
الحداد,M
عبدالرؤوف,M
هانى,M
خيرالله,M
سجدة,F
حسني,M
البهي,M
أكرم,M
شيرين,F
شيرين,F
رامى,M
الشحي,M
آياد,M
سرحان,M
سيلفانا,F
عادل,M
المقصود,M
مؤيد,M
عسكر,M
فرج,M
امام,M
أندرو,M
ناثان,F
اليزل,M
حجاج,M
مصطفي,M
فريد,M
البرقوقي,M
لينا,F
اخلاد,F
آتا,F
ارساني,M
عبدالحليم,M
يسري,M
وسيم,M
مرسى,M
غريب,M
قال,M
الشراع,M
صباح,F
حمزه,M
المطلب,M
رياض,M
الكومي,M
اصوفي,M
عطيتو,M
الديب,M
السمنتى,M
نمر,M
إبراهيم,M
آدم,M
الجندي,M
روقية,F
عبدالعليم,M
اسحاق,M
الرشيدى,M
عمار,M
المعطي,M
الليثي,M
نسمة,F
سمية,F
رزان,F
عيسي,M
فوزي,M
الفاضل,M
عطيه,M
الله,M
مناح,M
ناصر,M
معاذ,M
الفجية,M
خليفة,M
سلامه,M
عبدالماجد,M
الطيب,M
صديق,M
النزيلى,M
بنداري,M
بدر,M
الجراح,M
قناوي,M
رشا,F
عبدالغفار,M
البدراوي,M
جاد,M
براء,M
معلومات,F
رامون,M
الشرقاوى,M
دانيا,F
يسره,F
الجلاد,M
النجار,M
الدهيمي,M
فريحة,F
عمادالدين,M
الغريب,M
الجريتلي,M
إس,M
الصافي,M
كيريلوس,M
عمارة,M
رجائي,M
شوقى,M
هيبه,M
محب,M
الامام,M
يعقوب,M
جوزفين,F
مسلم,M
حور,F
نمير,F
سمار,M
الرحيم,M
تسنيم,F
أسراء,F
المتولي,M
البردان,M
مبروك,M
ضياء,M
حنا,M
عيسى,M
حامد,M
مؤمن,M
رقية,F
معوض,M
امين,M
يس,M
الخولي,M
عبدالوهاب,M
ابرام,M
الدكر,M
الخواجة,M
زينب,F
كريم,M
سهيلة,F
دارين,F
عزت,M
الزيات,M
سابت,F
منات,F
حماد,M
منيا,F
الوهاب,M
غزالي,M
عبدالله,M
هالة,F
الزهار,M
الليل,M
ذياد,M
ماريو,M
مجاهد,M
حرب,M
ديل,F
عنانى,M
أبوالفتوح,M
إيمان,F
أبوالعلا,M
ناجي,M
فانوس,M
ريتاج,F
محمد,M
مصفى,M
الشركسي,M
فائق,M
هويدي,M
ليان,F
باسين,F
الغني,M
السميس,M
إلهام,F
كارما,F
الفتح,M
حراء,F
مخيمر,M
ابوالنيل,M
دوحة,F
نورالهدى,F
إيهاب,M
بيار,F
ميرنا,F
عبدالرازق,M
فاطمه,F
المالك,M
محيى,M
بسنت,F
ابوعميره,M
مهاب,M
ابوورده,M
مها,F
عماد,M
حسام,M
مرڤت,F
الوقاد,M
تهامي,M
قدري,M
سيام,F
السعود,M
الصاوي,M
بشير,M
يحييي,M
هاجر,F
فتوح,M
مرتضى,M
الحاوي,M
حلمى,M
جابر,M
المنعم,M
مجدي,M
جمانة,F
الشواف,M
علام,M
شبل,M
البرنس,M
يسرا,F
الابحار,M
جبر,M
عبدالفتاح,M
ديفيد,M
هدير,F
الصباغ,M
ادريس,M
رويدا,F
عبداللة,M
المحلمي,M
علي,M
الأزهرى,M
الريَّاني,M
خالد,M
زياد,M
شكر,F
مرزوق,M
اسراء,F
جرجس,M
ونس,F
تسجيل,F
حبيبة,F
يحي,M
جمعة,M
نبيل,M
حبيب,M
الأبيض,M
سراء,F
اسماعيل,M
الحفيظ,M
زين,M
دسوقي,M
نبيه,M
يارا,F
بسمله,F
تيا,F
أدهمي,M
نهال,F
الدين,M
طبانه,M
روبي,F
حنفي,M
فيروز,F
فتحي,M
نظم,F
بسملة,F
هشام,M
حسيب,M
المنجي,M
الحمد,M
رشوان,M
رحمة,F
لمار,F
العوضي,M
نانيس,F
البدوي,M
مبارك,M
محفوظ,M
لارين,F
طوى,F
عبدالونيس,M
الدرينى,M
الأمير,M
يحيي,M
نادي,M
الصفتى,M
سودان,F
السعيد,M
صابري,M
ايفون,F
عطوان,M
مكرم,M
عبدالغني,M
وئام,F
مرعي,M
حنان,F
ظريف,M
أياد,M
أيمن,M
رحمه,F
ردينه,F
فهمي,M
فايد,M
امانى,F
بكير,F
عجمى,M
ساندرا,F
منسى,M
فايز,M
رضوان,M
مرام,F
حمودة,M
الناصر,M
صبا,F
كارم,M
بلال,M
موسى,M
جوزيف,M
منة,F
الهابيت,M
حلمي,M
بحيري,M
لُجين,F
شوقي,M
العجوز,M
السلام,M
الخولي,M
فادي,M
رامي,M
الحسيني,M
التيجاني,M
عبدالصبور,M
يوسف,M
الهابط,M
الجهلان,M
التهامي,M
عبدالخالق,M
ابرهيم,M
شهاب,M
إمام,M
نيفرت,F
الستار,M
عبد الحميد,M
حمدي,M
الازهري,M
العسل,M
مصطفى,M
أبوزهرة,M
امل,F
باسانت,F
الرجال,M
يحي,M
حسانين,M
عصر,F
